lr-AdamW/pg1,lr-AdamW/pg2,lr-AdamW/pg3,lr-AdamW/pg4,lr-AdamW/pg5,lr-AdamW/pg6,step,counterfactual/adversary_strength,mmimdb/counterfactual/robust_loss,mmimdb/counterfactual/alignment_loss,mmimdb/counterfactual/plausibility_loss,mmimdb/counterfactual/gate_mean,mmimdb/counterfactual/modality_gain_loss,mmimdb/train/loss,epoch,mmimdb/val/loss,mmimdb/val/F1_Micro_epoch,mmimdb/val/F1_Macro_epoch,mmimdb/val/F1_Samples_epoch,mmimdb/val/F1_Weighted_epoch,mmimdb/val/loss_epoch,val/the_metric,mmimdb/train/F1_Micro_epoch,mmimdb/train/F1_Macro_epoch,mmimdb/train/F1_Samples_epoch,mmimdb/train/F1_Weighted_epoch,mmimdb/train/loss_epoch,train/the_metric
0.0075,0.0075,0.00075,0.00075,0.0075,0.0075,9,,,,,,,,,,,,,,,,,,,,,
0.0075,0.0075,0.00075,0.00075,0.0075,0.0075,9,,,,,,,,,,,,,,,,,,,,,
0.0075,0.0075,0.00075,0.00075,0.0075,0.0075,9,,,,,,,,,,,,,,,,,,,,,
0.0075,0.0075,0.00075,0.00075,0.0075,0.0075,9,,,,,,,,,,,,,,,,,,,,,
0.0075,0.0075,0.00075,0.00075,0.0075,0.0075,9,,,,,,,,,,,,,,,,,,,,,
0.0075,0.0075,0.00075,0.00075,0.0075,0.0075,9,,,,,,,,,,,,,,,,,,,,,
0.0075,0.0075,0.00075,0.00075,0.0075,0.0075,9,,,,,,,,,,,,,,,,,,,,,
0.0075,0.0075,0.00075,0.00075,0.0075,0.0075,9,,,,,,,,,,,,,,,,,,,,,
0.0075,0.0075,0.00075,0.00075,0.0075,0.0075,9,,,,,,,,,,,,,,,,,,,,,
0.0075,0.0075,0.00075,0.00075,0.0075,0.0075,9,,,,,,,,,,,,,,,,,,,,,
0.0075,0.0075,0.00075,0.00075,0.0075,0.0075,9,,,,,,,,,,,,,,,,,,,,,
0.0075,0.0075,0.00075,0.00075,0.0075,0.0075,9,,,,,,,,,,,,,,,,,,,,,
0.0075,0.0075,0.00075,0.00075,0.0075,0.0075,9,,,,,,,,,,,,,,,,,,,,,
0.0075,0.0075,0.00075,0.00075,0.0075,0.0075,9,,,,,,,,,,,,,,,,,,,,,
0.0075,0.0075,0.00075,0.00075,0.0075,0.0075,9,,,,,,,,,,,,,,,,,,,,,
0.0075,0.0075,0.00075,0.00075,0.0075,0.0075,9,,,,,,,,,,,,,,,,,,,,,
0.0075,0.0075,0.00075,0.00075,0.0075,0.0075,9,,,,,,,,,,,,,,,,,,,,,
0.0075,0.0075,0.00075,0.00075,0.0075,0.0075,9,,,,,,,,,,,,,,,,,,,,,
0.0075,0.0075,0.00075,0.00075,0.0075,0.0075,9,,,,,,,,,,,,,,,,,,,,,
0.0075,0.0075,0.00075,0.00075,0.0075,0.0075,9,,,,,,,,,,,,,,,,,,,,,
0.0075,0.0075,0.00075,0.00075,0.0075,0.0075,9,,,,,,,,,,,,,,,,,,,,,
0.0075,0.0075,0.00075,0.00075,0.0075,0.0075,9,,,,,,,,,,,,,,,,,,,,,
0.0075,0.0075,0.00075,0.00075,0.0075,0.0075,9,,,,,,,,,,,,,,,,,,,,,
0.0075,0.0075,0.00075,0.00075,0.0075,0.0075,9,,,,,,,,,,,,,,,,,,,,,
0.0075,0.0075,0.00075,0.00075,0.0075,0.0075,9,,,,,,,,,,,,,,,,,,,,,
0.0075,0.0075,0.00075,0.00075,0.0075,0.0075,9,,,,,,,,,,,,,,,,,,,,,
0.0075,0.0075,0.00075,0.00075,0.0075,0.0075,9,,,,,,,,,,,,,,,,,,,,,
0.0075,0.0075,0.00075,0.00075,0.0075,0.0075,9,,,,,,,,,,,,,,,,,,,,,
0.0075,0.0075,0.00075,0.00075,0.0075,0.0075,9,,,,,,,,,,,,,,,,,,,,,
0.0075,0.0075,0.00075,0.00075,0.0075,0.0075,9,,,,,,,,,,,,,,,,,,,,,
0.0075,0.0075,0.00075,0.00075,0.0075,0.0075,9,,,,,,,,,,,,,,,,,,,,,
0.0075,0.0075,0.00075,0.00075,0.0075,0.0075,9,,,,,,,,,,,,,,,,,,,,,
0.0075,0.0075,0.00075,0.00075,0.0075,0.0075,9,,,,,,,,,,,,,,,,,,,,,
0.0075,0.0075,0.00075,0.00075,0.0075,0.0075,9,,,,,,,,,,,,,,,,,,,,,
0.0075,0.0075,0.00075,0.00075,0.0075,0.0075,9,,,,,,,,,,,,,,,,,,,,,
0.0075,0.0075,0.00075,0.00075,0.0075,0.0075,9,,,,,,,,,,,,,,,,,,,,,
0.0075,0.0075,0.00075,0.00075,0.0075,0.0075,9,,,,,,,,,,,,,,,,,,,,,
0.0075,0.0075,0.00075,0.00075,0.0075,0.0075,9,,,,,,,,,,,,,,,,,,,,,
0.0075,0.0075,0.00075,0.00075,0.0075,0.0075,9,,,,,,,,,,,,,,,,,,,,,
0.0075,0.0075,0.00075,0.00075,0.0075,0.0075,9,,,,,,,,,,,,,,,,,,,,,
0.0075,0.0075,0.00075,0.00075,0.0075,0.0075,9,,,,,,,,,,,,,,,,,,,,,
0.0075,0.0075,0.00075,0.00075,0.0075,0.0075,9,,,,,,,,,,,,,,,,,,,,,
0.0075,0.0075,0.00075,0.00075,0.0075,0.0075,9,,,,,,,,,,,,,,,,,,,,,
0.0075,0.0075,0.00075,0.00075,0.0075,0.0075,9,,,,,,,,,,,,,,,,,,,,,
0.0075,0.0075,0.00075,0.00075,0.0075,0.0075,9,,,,,,,,,,,,,,,,,,,,,
0.0075,0.0075,0.00075,0.00075,0.0075,0.0075,9,,,,,,,,,,,,,,,,,,,,,
0.0075,0.0075,0.00075,0.00075,0.0075,0.0075,9,,,,,,,,,,,,,,,,,,,,,
0.0075,0.0075,0.00075,0.00075,0.0075,0.0075,9,,,,,,,,,,,,,,,,,,,,,
0.0075,0.0075,0.00075,0.00075,0.0075,0.0075,9,,,,,,,,,,,,,,,,,,,,,
0.0075,0.0075,0.00075,0.00075,0.0075,0.0075,9,,,,,,,,,,,,,,,,,,,,,
0.0075,0.0075,0.00075,0.00075,0.0075,0.0075,9,,,,,,,,,,,,,,,,,,,,,
0.0075,0.0075,0.00075,0.00075,0.0075,0.0075,9,,,,,,,,,,,,,,,,,,,,,
0.0075,0.0075,0.00075,0.00075,0.0075,0.0075,9,,,,,,,,,,,,,,,,,,,,,
0.0075,0.0075,0.00075,0.00075,0.0075,0.0075,9,,,,,,,,,,,,,,,,,,,,,
0.0075,0.0075,0.00075,0.00075,0.0075,0.0075,9,,,,,,,,,,,,,,,,,,,,,
0.0075,0.0075,0.00075,0.00075,0.0075,0.0075,9,,,,,,,,,,,,,,,,,,,,,
0.0075,0.0075,0.00075,0.00075,0.0075,0.0075,9,,,,,,,,,,,,,,,,,,,,,
0.0075,0.0075,0.00075,0.00075,0.0075,0.0075,9,,,,,,,,,,,,,,,,,,,,,
0.0075,0.0075,0.00075,0.00075,0.0075,0.0075,9,,,,,,,,,,,,,,,,,,,,,
0.0075,0.0075,0.00075,0.00075,0.0075,0.0075,9,,,,,,,,,,,,,,,,,,,,,
0.0075,0.0075,0.00075,0.00075,0.0075,0.0075,9,,,,,,,,,,,,,,,,,,,,,
0.0075,0.0075,0.00075,0.00075,0.0075,0.0075,9,,,,,,,,,,,,,,,,,,,,,
0.0075,0.0075,0.00075,0.00075,0.0075,0.0075,9,,,,,,,,,,,,,,,,,,,,,
0.0075,0.0075,0.00075,0.00075,0.0075,0.0075,9,,,,,,,,,,,,,,,,,,,,,
,,,,,,9,0.0045,0.25973784923553467,0.7623909711837769,6.473064422607422e-05,0.505859375,0.0,0.2463560700416565,0,,,,,,,,,,,,,
0.009385964912280702,0.009385964912280702,0.0009385964912280702,0.0009385964912280702,0.009385964912280702,0.009385964912280702,19,,,,,,,,,,,,,,,,,,,,,
0.009385964912280702,0.009385964912280702,0.0009385964912280702,0.0009385964912280702,0.009385964912280702,0.009385964912280702,19,,,,,,,,,,,,,,,,,,,,,
0.009385964912280702,0.009385964912280702,0.0009385964912280702,0.0009385964912280702,0.009385964912280702,0.009385964912280702,19,,,,,,,,,,,,,,,,,,,,,
0.009385964912280702,0.009385964912280702,0.0009385964912280702,0.0009385964912280702,0.009385964912280702,0.009385964912280702,19,,,,,,,,,,,,,,,,,,,,,
0.009385964912280702,0.009385964912280702,0.0009385964912280702,0.0009385964912280702,0.009385964912280702,0.009385964912280702,19,,,,,,,,,,,,,,,,,,,,,
0.009385964912280702,0.009385964912280702,0.0009385964912280702,0.0009385964912280702,0.009385964912280702,0.009385964912280702,19,,,,,,,,,,,,,,,,,,,,,
0.009385964912280702,0.009385964912280702,0.0009385964912280702,0.0009385964912280702,0.009385964912280702,0.009385964912280702,19,,,,,,,,,,,,,,,,,,,,,
0.009385964912280702,0.009385964912280702,0.0009385964912280702,0.0009385964912280702,0.009385964912280702,0.009385964912280702,19,,,,,,,,,,,,,,,,,,,,,
0.009385964912280702,0.009385964912280702,0.0009385964912280702,0.0009385964912280702,0.009385964912280702,0.009385964912280702,19,,,,,,,,,,,,,,,,,,,,,
0.009385964912280702,0.009385964912280702,0.0009385964912280702,0.0009385964912280702,0.009385964912280702,0.009385964912280702,19,,,,,,,,,,,,,,,,,,,,,
0.009385964912280702,0.009385964912280702,0.0009385964912280702,0.0009385964912280702,0.009385964912280702,0.009385964912280702,19,,,,,,,,,,,,,,,,,,,,,
0.009385964912280702,0.009385964912280702,0.0009385964912280702,0.0009385964912280702,0.009385964912280702,0.009385964912280702,19,,,,,,,,,,,,,,,,,,,,,
0.009385964912280702,0.009385964912280702,0.0009385964912280702,0.0009385964912280702,0.009385964912280702,0.009385964912280702,19,,,,,,,,,,,,,,,,,,,,,
0.009385964912280702,0.009385964912280702,0.0009385964912280702,0.0009385964912280702,0.009385964912280702,0.009385964912280702,19,,,,,,,,,,,,,,,,,,,,,
0.009385964912280702,0.009385964912280702,0.0009385964912280702,0.0009385964912280702,0.009385964912280702,0.009385964912280702,19,,,,,,,,,,,,,,,,,,,,,
0.009385964912280702,0.009385964912280702,0.0009385964912280702,0.0009385964912280702,0.009385964912280702,0.009385964912280702,19,,,,,,,,,,,,,,,,,,,,,
0.009385964912280702,0.009385964912280702,0.0009385964912280702,0.0009385964912280702,0.009385964912280702,0.009385964912280702,19,,,,,,,,,,,,,,,,,,,,,
0.009385964912280702,0.009385964912280702,0.0009385964912280702,0.0009385964912280702,0.009385964912280702,0.009385964912280702,19,,,,,,,,,,,,,,,,,,,,,
0.009385964912280702,0.009385964912280702,0.0009385964912280702,0.0009385964912280702,0.009385964912280702,0.009385964912280702,19,,,,,,,,,,,,,,,,,,,,,
0.009385964912280702,0.009385964912280702,0.0009385964912280702,0.0009385964912280702,0.009385964912280702,0.009385964912280702,19,,,,,,,,,,,,,,,,,,,,,
0.009385964912280702,0.009385964912280702,0.0009385964912280702,0.0009385964912280702,0.009385964912280702,0.009385964912280702,19,,,,,,,,,,,,,,,,,,,,,
0.009385964912280702,0.009385964912280702,0.0009385964912280702,0.0009385964912280702,0.009385964912280702,0.009385964912280702,19,,,,,,,,,,,,,,,,,,,,,
0.009385964912280702,0.009385964912280702,0.0009385964912280702,0.0009385964912280702,0.009385964912280702,0.009385964912280702,19,,,,,,,,,,,,,,,,,,,,,
0.009385964912280702,0.009385964912280702,0.0009385964912280702,0.0009385964912280702,0.009385964912280702,0.009385964912280702,19,,,,,,,,,,,,,,,,,,,,,
0.009385964912280702,0.009385964912280702,0.0009385964912280702,0.0009385964912280702,0.009385964912280702,0.009385964912280702,19,,,,,,,,,,,,,,,,,,,,,
0.009385964912280702,0.009385964912280702,0.0009385964912280702,0.0009385964912280702,0.009385964912280702,0.009385964912280702,19,,,,,,,,,,,,,,,,,,,,,
0.009385964912280702,0.009385964912280702,0.0009385964912280702,0.0009385964912280702,0.009385964912280702,0.009385964912280702,19,,,,,,,,,,,,,,,,,,,,,
0.009385964912280702,0.009385964912280702,0.0009385964912280702,0.0009385964912280702,0.009385964912280702,0.009385964912280702,19,,,,,,,,,,,,,,,,,,,,,
0.009385964912280702,0.009385964912280702,0.0009385964912280702,0.0009385964912280702,0.009385964912280702,0.009385964912280702,19,,,,,,,,,,,,,,,,,,,,,
0.009385964912280702,0.009385964912280702,0.0009385964912280702,0.0009385964912280702,0.009385964912280702,0.009385964912280702,19,,,,,,,,,,,,,,,,,,,,,
0.009385964912280702,0.009385964912280702,0.0009385964912280702,0.0009385964912280702,0.009385964912280702,0.009385964912280702,19,,,,,,,,,,,,,,,,,,,,,
0.009385964912280702,0.009385964912280702,0.0009385964912280702,0.0009385964912280702,0.009385964912280702,0.009385964912280702,19,,,,,,,,,,,,,,,,,,,,,
0.009385964912280702,0.009385964912280702,0.0009385964912280702,0.0009385964912280702,0.009385964912280702,0.009385964912280702,19,,,,,,,,,,,,,,,,,,,,,
0.009385964912280702,0.009385964912280702,0.0009385964912280702,0.0009385964912280702,0.009385964912280702,0.009385964912280702,19,,,,,,,,,,,,,,,,,,,,,
0.009385964912280702,0.009385964912280702,0.0009385964912280702,0.0009385964912280702,0.009385964912280702,0.009385964912280702,19,,,,,,,,,,,,,,,,,,,,,
0.009385964912280702,0.009385964912280702,0.0009385964912280702,0.0009385964912280702,0.009385964912280702,0.009385964912280702,19,,,,,,,,,,,,,,,,,,,,,
0.009385964912280702,0.009385964912280702,0.0009385964912280702,0.0009385964912280702,0.009385964912280702,0.009385964912280702,19,,,,,,,,,,,,,,,,,,,,,
0.009385964912280702,0.009385964912280702,0.0009385964912280702,0.0009385964912280702,0.009385964912280702,0.009385964912280702,19,,,,,,,,,,,,,,,,,,,,,
0.009385964912280702,0.009385964912280702,0.0009385964912280702,0.0009385964912280702,0.009385964912280702,0.009385964912280702,19,,,,,,,,,,,,,,,,,,,,,
0.009385964912280702,0.009385964912280702,0.0009385964912280702,0.0009385964912280702,0.009385964912280702,0.009385964912280702,19,,,,,,,,,,,,,,,,,,,,,
0.009385964912280702,0.009385964912280702,0.0009385964912280702,0.0009385964912280702,0.009385964912280702,0.009385964912280702,19,,,,,,,,,,,,,,,,,,,,,
0.009385964912280702,0.009385964912280702,0.0009385964912280702,0.0009385964912280702,0.009385964912280702,0.009385964912280702,19,,,,,,,,,,,,,,,,,,,,,
0.009385964912280702,0.009385964912280702,0.0009385964912280702,0.0009385964912280702,0.009385964912280702,0.009385964912280702,19,,,,,,,,,,,,,,,,,,,,,
0.009385964912280702,0.009385964912280702,0.0009385964912280702,0.0009385964912280702,0.009385964912280702,0.009385964912280702,19,,,,,,,,,,,,,,,,,,,,,
0.009385964912280702,0.009385964912280702,0.0009385964912280702,0.0009385964912280702,0.009385964912280702,0.009385964912280702,19,,,,,,,,,,,,,,,,,,,,,
0.009385964912280702,0.009385964912280702,0.0009385964912280702,0.0009385964912280702,0.009385964912280702,0.009385964912280702,19,,,,,,,,,,,,,,,,,,,,,
0.009385964912280702,0.009385964912280702,0.0009385964912280702,0.0009385964912280702,0.009385964912280702,0.009385964912280702,19,,,,,,,,,,,,,,,,,,,,,
0.009385964912280702,0.009385964912280702,0.0009385964912280702,0.0009385964912280702,0.009385964912280702,0.009385964912280702,19,,,,,,,,,,,,,,,,,,,,,
0.009385964912280702,0.009385964912280702,0.0009385964912280702,0.0009385964912280702,0.009385964912280702,0.009385964912280702,19,,,,,,,,,,,,,,,,,,,,,
0.009385964912280702,0.009385964912280702,0.0009385964912280702,0.0009385964912280702,0.009385964912280702,0.009385964912280702,19,,,,,,,,,,,,,,,,,,,,,
0.009385964912280702,0.009385964912280702,0.0009385964912280702,0.0009385964912280702,0.009385964912280702,0.009385964912280702,19,,,,,,,,,,,,,,,,,,,,,
0.009385964912280702,0.009385964912280702,0.0009385964912280702,0.0009385964912280702,0.009385964912280702,0.009385964912280702,19,,,,,,,,,,,,,,,,,,,,,
0.009385964912280702,0.009385964912280702,0.0009385964912280702,0.0009385964912280702,0.009385964912280702,0.009385964912280702,19,,,,,,,,,,,,,,,,,,,,,
0.009385964912280702,0.009385964912280702,0.0009385964912280702,0.0009385964912280702,0.009385964912280702,0.009385964912280702,19,,,,,,,,,,,,,,,,,,,,,
0.009385964912280702,0.009385964912280702,0.0009385964912280702,0.0009385964912280702,0.009385964912280702,0.009385964912280702,19,,,,,,,,,,,,,,,,,,,,,
0.009385964912280702,0.009385964912280702,0.0009385964912280702,0.0009385964912280702,0.009385964912280702,0.009385964912280702,19,,,,,,,,,,,,,,,,,,,,,
0.009385964912280702,0.009385964912280702,0.0009385964912280702,0.0009385964912280702,0.009385964912280702,0.009385964912280702,19,,,,,,,,,,,,,,,,,,,,,
0.009385964912280702,0.009385964912280702,0.0009385964912280702,0.0009385964912280702,0.009385964912280702,0.009385964912280702,19,,,,,,,,,,,,,,,,,,,,,
0.009385964912280702,0.009385964912280702,0.0009385964912280702,0.0009385964912280702,0.009385964912280702,0.009385964912280702,19,,,,,,,,,,,,,,,,,,,,,
0.009385964912280702,0.009385964912280702,0.0009385964912280702,0.0009385964912280702,0.009385964912280702,0.009385964912280702,19,,,,,,,,,,,,,,,,,,,,,
0.009385964912280702,0.009385964912280702,0.0009385964912280702,0.0009385964912280702,0.009385964912280702,0.009385964912280702,19,,,,,,,,,,,,,,,,,,,,,
0.009385964912280702,0.009385964912280702,0.0009385964912280702,0.0009385964912280702,0.009385964912280702,0.009385964912280702,19,,,,,,,,,,,,,,,,,,,,,
0.009385964912280702,0.009385964912280702,0.0009385964912280702,0.0009385964912280702,0.009385964912280702,0.009385964912280702,19,,,,,,,,,,,,,,,,,,,,,
0.009385964912280702,0.009385964912280702,0.0009385964912280702,0.0009385964912280702,0.009385964912280702,0.009385964912280702,19,,,,,,,,,,,,,,,,,,,,,
,,,,,,19,0.0095,0.3239653706550598,-0.0,0.0,0.4462890625,-0.0,0.3239564895629883,0,,,,,,,,,,,,,
0.008508771929824561,0.008508771929824561,0.0008508771929824562,0.0008508771929824562,0.008508771929824561,0.008508771929824561,29,,,,,,,,,,,,,,,,,,,,,
0.008508771929824561,0.008508771929824561,0.0008508771929824562,0.0008508771929824562,0.008508771929824561,0.008508771929824561,29,,,,,,,,,,,,,,,,,,,,,
0.008508771929824561,0.008508771929824561,0.0008508771929824562,0.0008508771929824562,0.008508771929824561,0.008508771929824561,29,,,,,,,,,,,,,,,,,,,,,
0.008508771929824561,0.008508771929824561,0.0008508771929824562,0.0008508771929824562,0.008508771929824561,0.008508771929824561,29,,,,,,,,,,,,,,,,,,,,,
0.008508771929824561,0.008508771929824561,0.0008508771929824562,0.0008508771929824562,0.008508771929824561,0.008508771929824561,29,,,,,,,,,,,,,,,,,,,,,
0.008508771929824561,0.008508771929824561,0.0008508771929824562,0.0008508771929824562,0.008508771929824561,0.008508771929824561,29,,,,,,,,,,,,,,,,,,,,,
0.008508771929824561,0.008508771929824561,0.0008508771929824562,0.0008508771929824562,0.008508771929824561,0.008508771929824561,29,,,,,,,,,,,,,,,,,,,,,
0.008508771929824561,0.008508771929824561,0.0008508771929824562,0.0008508771929824562,0.008508771929824561,0.008508771929824561,29,,,,,,,,,,,,,,,,,,,,,
0.008508771929824561,0.008508771929824561,0.0008508771929824562,0.0008508771929824562,0.008508771929824561,0.008508771929824561,29,,,,,,,,,,,,,,,,,,,,,
0.008508771929824561,0.008508771929824561,0.0008508771929824562,0.0008508771929824562,0.008508771929824561,0.008508771929824561,29,,,,,,,,,,,,,,,,,,,,,
0.008508771929824561,0.008508771929824561,0.0008508771929824562,0.0008508771929824562,0.008508771929824561,0.008508771929824561,29,,,,,,,,,,,,,,,,,,,,,
0.008508771929824561,0.008508771929824561,0.0008508771929824562,0.0008508771929824562,0.008508771929824561,0.008508771929824561,29,,,,,,,,,,,,,,,,,,,,,
0.008508771929824561,0.008508771929824561,0.0008508771929824562,0.0008508771929824562,0.008508771929824561,0.008508771929824561,29,,,,,,,,,,,,,,,,,,,,,
0.008508771929824561,0.008508771929824561,0.0008508771929824562,0.0008508771929824562,0.008508771929824561,0.008508771929824561,29,,,,,,,,,,,,,,,,,,,,,
0.008508771929824561,0.008508771929824561,0.0008508771929824562,0.0008508771929824562,0.008508771929824561,0.008508771929824561,29,,,,,,,,,,,,,,,,,,,,,
0.008508771929824561,0.008508771929824561,0.0008508771929824562,0.0008508771929824562,0.008508771929824561,0.008508771929824561,29,,,,,,,,,,,,,,,,,,,,,
0.008508771929824561,0.008508771929824561,0.0008508771929824562,0.0008508771929824562,0.008508771929824561,0.008508771929824561,29,,,,,,,,,,,,,,,,,,,,,
0.008508771929824561,0.008508771929824561,0.0008508771929824562,0.0008508771929824562,0.008508771929824561,0.008508771929824561,29,,,,,,,,,,,,,,,,,,,,,
0.008508771929824561,0.008508771929824561,0.0008508771929824562,0.0008508771929824562,0.008508771929824561,0.008508771929824561,29,,,,,,,,,,,,,,,,,,,,,
0.008508771929824561,0.008508771929824561,0.0008508771929824562,0.0008508771929824562,0.008508771929824561,0.008508771929824561,29,,,,,,,,,,,,,,,,,,,,,
0.008508771929824561,0.008508771929824561,0.0008508771929824562,0.0008508771929824562,0.008508771929824561,0.008508771929824561,29,,,,,,,,,,,,,,,,,,,,,
0.008508771929824561,0.008508771929824561,0.0008508771929824562,0.0008508771929824562,0.008508771929824561,0.008508771929824561,29,,,,,,,,,,,,,,,,,,,,,
0.008508771929824561,0.008508771929824561,0.0008508771929824562,0.0008508771929824562,0.008508771929824561,0.008508771929824561,29,,,,,,,,,,,,,,,,,,,,,
0.008508771929824561,0.008508771929824561,0.0008508771929824562,0.0008508771929824562,0.008508771929824561,0.008508771929824561,29,,,,,,,,,,,,,,,,,,,,,
0.008508771929824561,0.008508771929824561,0.0008508771929824562,0.0008508771929824562,0.008508771929824561,0.008508771929824561,29,,,,,,,,,,,,,,,,,,,,,
0.008508771929824561,0.008508771929824561,0.0008508771929824562,0.0008508771929824562,0.008508771929824561,0.008508771929824561,29,,,,,,,,,,,,,,,,,,,,,
0.008508771929824561,0.008508771929824561,0.0008508771929824562,0.0008508771929824562,0.008508771929824561,0.008508771929824561,29,,,,,,,,,,,,,,,,,,,,,
0.008508771929824561,0.008508771929824561,0.0008508771929824562,0.0008508771929824562,0.008508771929824561,0.008508771929824561,29,,,,,,,,,,,,,,,,,,,,,
0.008508771929824561,0.008508771929824561,0.0008508771929824562,0.0008508771929824562,0.008508771929824561,0.008508771929824561,29,,,,,,,,,,,,,,,,,,,,,
0.008508771929824561,0.008508771929824561,0.0008508771929824562,0.0008508771929824562,0.008508771929824561,0.008508771929824561,29,,,,,,,,,,,,,,,,,,,,,
0.008508771929824561,0.008508771929824561,0.0008508771929824562,0.0008508771929824562,0.008508771929824561,0.008508771929824561,29,,,,,,,,,,,,,,,,,,,,,
0.008508771929824561,0.008508771929824561,0.0008508771929824562,0.0008508771929824562,0.008508771929824561,0.008508771929824561,29,,,,,,,,,,,,,,,,,,,,,
0.008508771929824561,0.008508771929824561,0.0008508771929824562,0.0008508771929824562,0.008508771929824561,0.008508771929824561,29,,,,,,,,,,,,,,,,,,,,,
0.008508771929824561,0.008508771929824561,0.0008508771929824562,0.0008508771929824562,0.008508771929824561,0.008508771929824561,29,,,,,,,,,,,,,,,,,,,,,
0.008508771929824561,0.008508771929824561,0.0008508771929824562,0.0008508771929824562,0.008508771929824561,0.008508771929824561,29,,,,,,,,,,,,,,,,,,,,,
0.008508771929824561,0.008508771929824561,0.0008508771929824562,0.0008508771929824562,0.008508771929824561,0.008508771929824561,29,,,,,,,,,,,,,,,,,,,,,
0.008508771929824561,0.008508771929824561,0.0008508771929824562,0.0008508771929824562,0.008508771929824561,0.008508771929824561,29,,,,,,,,,,,,,,,,,,,,,
0.008508771929824561,0.008508771929824561,0.0008508771929824562,0.0008508771929824562,0.008508771929824561,0.008508771929824561,29,,,,,,,,,,,,,,,,,,,,,
0.008508771929824561,0.008508771929824561,0.0008508771929824562,0.0008508771929824562,0.008508771929824561,0.008508771929824561,29,,,,,,,,,,,,,,,,,,,,,
0.008508771929824561,0.008508771929824561,0.0008508771929824562,0.0008508771929824562,0.008508771929824561,0.008508771929824561,29,,,,,,,,,,,,,,,,,,,,,
0.008508771929824561,0.008508771929824561,0.0008508771929824562,0.0008508771929824562,0.008508771929824561,0.008508771929824561,29,,,,,,,,,,,,,,,,,,,,,
0.008508771929824561,0.008508771929824561,0.0008508771929824562,0.0008508771929824562,0.008508771929824561,0.008508771929824561,29,,,,,,,,,,,,,,,,,,,,,
0.008508771929824561,0.008508771929824561,0.0008508771929824562,0.0008508771929824562,0.008508771929824561,0.008508771929824561,29,,,,,,,,,,,,,,,,,,,,,
0.008508771929824561,0.008508771929824561,0.0008508771929824562,0.0008508771929824562,0.008508771929824561,0.008508771929824561,29,,,,,,,,,,,,,,,,,,,,,
0.008508771929824561,0.008508771929824561,0.0008508771929824562,0.0008508771929824562,0.008508771929824561,0.008508771929824561,29,,,,,,,,,,,,,,,,,,,,,
0.008508771929824561,0.008508771929824561,0.0008508771929824562,0.0008508771929824562,0.008508771929824561,0.008508771929824561,29,,,,,,,,,,,,,,,,,,,,,
0.008508771929824561,0.008508771929824561,0.0008508771929824562,0.0008508771929824562,0.008508771929824561,0.008508771929824561,29,,,,,,,,,,,,,,,,,,,,,
0.008508771929824561,0.008508771929824561,0.0008508771929824562,0.0008508771929824562,0.008508771929824561,0.008508771929824561,29,,,,,,,,,,,,,,,,,,,,,
0.008508771929824561,0.008508771929824561,0.0008508771929824562,0.0008508771929824562,0.008508771929824561,0.008508771929824561,29,,,,,,,,,,,,,,,,,,,,,
0.008508771929824561,0.008508771929824561,0.0008508771929824562,0.0008508771929824562,0.008508771929824561,0.008508771929824561,29,,,,,,,,,,,,,,,,,,,,,
0.008508771929824561,0.008508771929824561,0.0008508771929824562,0.0008508771929824562,0.008508771929824561,0.008508771929824561,29,,,,,,,,,,,,,,,,,,,,,
0.008508771929824561,0.008508771929824561,0.0008508771929824562,0.0008508771929824562,0.008508771929824561,0.008508771929824561,29,,,,,,,,,,,,,,,,,,,,,
0.008508771929824561,0.008508771929824561,0.0008508771929824562,0.0008508771929824562,0.008508771929824561,0.008508771929824561,29,,,,,,,,,,,,,,,,,,,,,
0.008508771929824561,0.008508771929824561,0.0008508771929824562,0.0008508771929824562,0.008508771929824561,0.008508771929824561,29,,,,,,,,,,,,,,,,,,,,,
0.008508771929824561,0.008508771929824561,0.0008508771929824562,0.0008508771929824562,0.008508771929824561,0.008508771929824561,29,,,,,,,,,,,,,,,,,,,,,
0.008508771929824561,0.008508771929824561,0.0008508771929824562,0.0008508771929824562,0.008508771929824561,0.008508771929824561,29,,,,,,,,,,,,,,,,,,,,,
0.008508771929824561,0.008508771929824561,0.0008508771929824562,0.0008508771929824562,0.008508771929824561,0.008508771929824561,29,,,,,,,,,,,,,,,,,,,,,
0.008508771929824561,0.008508771929824561,0.0008508771929824562,0.0008508771929824562,0.008508771929824561,0.008508771929824561,29,,,,,,,,,,,,,,,,,,,,,
0.008508771929824561,0.008508771929824561,0.0008508771929824562,0.0008508771929824562,0.008508771929824561,0.008508771929824561,29,,,,,,,,,,,,,,,,,,,,,
0.008508771929824561,0.008508771929824561,0.0008508771929824562,0.0008508771929824562,0.008508771929824561,0.008508771929824561,29,,,,,,,,,,,,,,,,,,,,,
0.008508771929824561,0.008508771929824561,0.0008508771929824562,0.0008508771929824562,0.008508771929824561,0.008508771929824561,29,,,,,,,,,,,,,,,,,,,,,
0.008508771929824561,0.008508771929824561,0.0008508771929824562,0.0008508771929824562,0.008508771929824561,0.008508771929824561,29,,,,,,,,,,,,,,,,,,,,,
0.008508771929824561,0.008508771929824561,0.0008508771929824562,0.0008508771929824562,0.008508771929824561,0.008508771929824561,29,,,,,,,,,,,,,,,,,,,,,
0.008508771929824561,0.008508771929824561,0.0008508771929824562,0.0008508771929824562,0.008508771929824561,0.008508771929824561,29,,,,,,,,,,,,,,,,,,,,,
,,,,,,29,0.0145,0.9310411214828491,0.0,0.0,0.33935546875,-0.0,0.9310422539710999,0,,,,,,,,,,,,,
0.0076315789473684215,0.0076315789473684215,0.0007631578947368421,0.0007631578947368421,0.0076315789473684215,0.0076315789473684215,39,,,,,,,,,,,,,,,,,,,,,
0.0076315789473684215,0.0076315789473684215,0.0007631578947368421,0.0007631578947368421,0.0076315789473684215,0.0076315789473684215,39,,,,,,,,,,,,,,,,,,,,,
0.0076315789473684215,0.0076315789473684215,0.0007631578947368421,0.0007631578947368421,0.0076315789473684215,0.0076315789473684215,39,,,,,,,,,,,,,,,,,,,,,
0.0076315789473684215,0.0076315789473684215,0.0007631578947368421,0.0007631578947368421,0.0076315789473684215,0.0076315789473684215,39,,,,,,,,,,,,,,,,,,,,,
0.0076315789473684215,0.0076315789473684215,0.0007631578947368421,0.0007631578947368421,0.0076315789473684215,0.0076315789473684215,39,,,,,,,,,,,,,,,,,,,,,
0.0076315789473684215,0.0076315789473684215,0.0007631578947368421,0.0007631578947368421,0.0076315789473684215,0.0076315789473684215,39,,,,,,,,,,,,,,,,,,,,,
0.0076315789473684215,0.0076315789473684215,0.0007631578947368421,0.0007631578947368421,0.0076315789473684215,0.0076315789473684215,39,,,,,,,,,,,,,,,,,,,,,
0.0076315789473684215,0.0076315789473684215,0.0007631578947368421,0.0007631578947368421,0.0076315789473684215,0.0076315789473684215,39,,,,,,,,,,,,,,,,,,,,,
0.0076315789473684215,0.0076315789473684215,0.0007631578947368421,0.0007631578947368421,0.0076315789473684215,0.0076315789473684215,39,,,,,,,,,,,,,,,,,,,,,
0.0076315789473684215,0.0076315789473684215,0.0007631578947368421,0.0007631578947368421,0.0076315789473684215,0.0076315789473684215,39,,,,,,,,,,,,,,,,,,,,,
0.0076315789473684215,0.0076315789473684215,0.0007631578947368421,0.0007631578947368421,0.0076315789473684215,0.0076315789473684215,39,,,,,,,,,,,,,,,,,,,,,
0.0076315789473684215,0.0076315789473684215,0.0007631578947368421,0.0007631578947368421,0.0076315789473684215,0.0076315789473684215,39,,,,,,,,,,,,,,,,,,,,,
0.0076315789473684215,0.0076315789473684215,0.0007631578947368421,0.0007631578947368421,0.0076315789473684215,0.0076315789473684215,39,,,,,,,,,,,,,,,,,,,,,
0.0076315789473684215,0.0076315789473684215,0.0007631578947368421,0.0007631578947368421,0.0076315789473684215,0.0076315789473684215,39,,,,,,,,,,,,,,,,,,,,,
0.0076315789473684215,0.0076315789473684215,0.0007631578947368421,0.0007631578947368421,0.0076315789473684215,0.0076315789473684215,39,,,,,,,,,,,,,,,,,,,,,
0.0076315789473684215,0.0076315789473684215,0.0007631578947368421,0.0007631578947368421,0.0076315789473684215,0.0076315789473684215,39,,,,,,,,,,,,,,,,,,,,,
0.0076315789473684215,0.0076315789473684215,0.0007631578947368421,0.0007631578947368421,0.0076315789473684215,0.0076315789473684215,39,,,,,,,,,,,,,,,,,,,,,
0.0076315789473684215,0.0076315789473684215,0.0007631578947368421,0.0007631578947368421,0.0076315789473684215,0.0076315789473684215,39,,,,,,,,,,,,,,,,,,,,,
0.0076315789473684215,0.0076315789473684215,0.0007631578947368421,0.0007631578947368421,0.0076315789473684215,0.0076315789473684215,39,,,,,,,,,,,,,,,,,,,,,
0.0076315789473684215,0.0076315789473684215,0.0007631578947368421,0.0007631578947368421,0.0076315789473684215,0.0076315789473684215,39,,,,,,,,,,,,,,,,,,,,,
0.0076315789473684215,0.0076315789473684215,0.0007631578947368421,0.0007631578947368421,0.0076315789473684215,0.0076315789473684215,39,,,,,,,,,,,,,,,,,,,,,
0.0076315789473684215,0.0076315789473684215,0.0007631578947368421,0.0007631578947368421,0.0076315789473684215,0.0076315789473684215,39,,,,,,,,,,,,,,,,,,,,,
0.0076315789473684215,0.0076315789473684215,0.0007631578947368421,0.0007631578947368421,0.0076315789473684215,0.0076315789473684215,39,,,,,,,,,,,,,,,,,,,,,
0.0076315789473684215,0.0076315789473684215,0.0007631578947368421,0.0007631578947368421,0.0076315789473684215,0.0076315789473684215,39,,,,,,,,,,,,,,,,,,,,,
0.0076315789473684215,0.0076315789473684215,0.0007631578947368421,0.0007631578947368421,0.0076315789473684215,0.0076315789473684215,39,,,,,,,,,,,,,,,,,,,,,
0.0076315789473684215,0.0076315789473684215,0.0007631578947368421,0.0007631578947368421,0.0076315789473684215,0.0076315789473684215,39,,,,,,,,,,,,,,,,,,,,,
0.0076315789473684215,0.0076315789473684215,0.0007631578947368421,0.0007631578947368421,0.0076315789473684215,0.0076315789473684215,39,,,,,,,,,,,,,,,,,,,,,
0.0076315789473684215,0.0076315789473684215,0.0007631578947368421,0.0007631578947368421,0.0076315789473684215,0.0076315789473684215,39,,,,,,,,,,,,,,,,,,,,,
0.0076315789473684215,0.0076315789473684215,0.0007631578947368421,0.0007631578947368421,0.0076315789473684215,0.0076315789473684215,39,,,,,,,,,,,,,,,,,,,,,
0.0076315789473684215,0.0076315789473684215,0.0007631578947368421,0.0007631578947368421,0.0076315789473684215,0.0076315789473684215,39,,,,,,,,,,,,,,,,,,,,,
0.0076315789473684215,0.0076315789473684215,0.0007631578947368421,0.0007631578947368421,0.0076315789473684215,0.0076315789473684215,39,,,,,,,,,,,,,,,,,,,,,
0.0076315789473684215,0.0076315789473684215,0.0007631578947368421,0.0007631578947368421,0.0076315789473684215,0.0076315789473684215,39,,,,,,,,,,,,,,,,,,,,,
0.0076315789473684215,0.0076315789473684215,0.0007631578947368421,0.0007631578947368421,0.0076315789473684215,0.0076315789473684215,39,,,,,,,,,,,,,,,,,,,,,
0.0076315789473684215,0.0076315789473684215,0.0007631578947368421,0.0007631578947368421,0.0076315789473684215,0.0076315789473684215,39,,,,,,,,,,,,,,,,,,,,,
0.0076315789473684215,0.0076315789473684215,0.0007631578947368421,0.0007631578947368421,0.0076315789473684215,0.0076315789473684215,39,,,,,,,,,,,,,,,,,,,,,
0.0076315789473684215,0.0076315789473684215,0.0007631578947368421,0.0007631578947368421,0.0076315789473684215,0.0076315789473684215,39,,,,,,,,,,,,,,,,,,,,,
0.0076315789473684215,0.0076315789473684215,0.0007631578947368421,0.0007631578947368421,0.0076315789473684215,0.0076315789473684215,39,,,,,,,,,,,,,,,,,,,,,
0.0076315789473684215,0.0076315789473684215,0.0007631578947368421,0.0007631578947368421,0.0076315789473684215,0.0076315789473684215,39,,,,,,,,,,,,,,,,,,,,,
0.0076315789473684215,0.0076315789473684215,0.0007631578947368421,0.0007631578947368421,0.0076315789473684215,0.0076315789473684215,39,,,,,,,,,,,,,,,,,,,,,
0.0076315789473684215,0.0076315789473684215,0.0007631578947368421,0.0007631578947368421,0.0076315789473684215,0.0076315789473684215,39,,,,,,,,,,,,,,,,,,,,,
0.0076315789473684215,0.0076315789473684215,0.0007631578947368421,0.0007631578947368421,0.0076315789473684215,0.0076315789473684215,39,,,,,,,,,,,,,,,,,,,,,
0.0076315789473684215,0.0076315789473684215,0.0007631578947368421,0.0007631578947368421,0.0076315789473684215,0.0076315789473684215,39,,,,,,,,,,,,,,,,,,,,,
0.0076315789473684215,0.0076315789473684215,0.0007631578947368421,0.0007631578947368421,0.0076315789473684215,0.0076315789473684215,39,,,,,,,,,,,,,,,,,,,,,
0.0076315789473684215,0.0076315789473684215,0.0007631578947368421,0.0007631578947368421,0.0076315789473684215,0.0076315789473684215,39,,,,,,,,,,,,,,,,,,,,,
0.0076315789473684215,0.0076315789473684215,0.0007631578947368421,0.0007631578947368421,0.0076315789473684215,0.0076315789473684215,39,,,,,,,,,,,,,,,,,,,,,
0.0076315789473684215,0.0076315789473684215,0.0007631578947368421,0.0007631578947368421,0.0076315789473684215,0.0076315789473684215,39,,,,,,,,,,,,,,,,,,,,,
0.0076315789473684215,0.0076315789473684215,0.0007631578947368421,0.0007631578947368421,0.0076315789473684215,0.0076315789473684215,39,,,,,,,,,,,,,,,,,,,,,
0.0076315789473684215,0.0076315789473684215,0.0007631578947368421,0.0007631578947368421,0.0076315789473684215,0.0076315789473684215,39,,,,,,,,,,,,,,,,,,,,,
0.0076315789473684215,0.0076315789473684215,0.0007631578947368421,0.0007631578947368421,0.0076315789473684215,0.0076315789473684215,39,,,,,,,,,,,,,,,,,,,,,
0.0076315789473684215,0.0076315789473684215,0.0007631578947368421,0.0007631578947368421,0.0076315789473684215,0.0076315789473684215,39,,,,,,,,,,,,,,,,,,,,,
0.0076315789473684215,0.0076315789473684215,0.0007631578947368421,0.0007631578947368421,0.0076315789473684215,0.0076315789473684215,39,,,,,,,,,,,,,,,,,,,,,
0.0076315789473684215,0.0076315789473684215,0.0007631578947368421,0.0007631578947368421,0.0076315789473684215,0.0076315789473684215,39,,,,,,,,,,,,,,,,,,,,,
0.0076315789473684215,0.0076315789473684215,0.0007631578947368421,0.0007631578947368421,0.0076315789473684215,0.0076315789473684215,39,,,,,,,,,,,,,,,,,,,,,
0.0076315789473684215,0.0076315789473684215,0.0007631578947368421,0.0007631578947368421,0.0076315789473684215,0.0076315789473684215,39,,,,,,,,,,,,,,,,,,,,,
0.0076315789473684215,0.0076315789473684215,0.0007631578947368421,0.0007631578947368421,0.0076315789473684215,0.0076315789473684215,39,,,,,,,,,,,,,,,,,,,,,
0.0076315789473684215,0.0076315789473684215,0.0007631578947368421,0.0007631578947368421,0.0076315789473684215,0.0076315789473684215,39,,,,,,,,,,,,,,,,,,,,,
0.0076315789473684215,0.0076315789473684215,0.0007631578947368421,0.0007631578947368421,0.0076315789473684215,0.0076315789473684215,39,,,,,,,,,,,,,,,,,,,,,
0.0076315789473684215,0.0076315789473684215,0.0007631578947368421,0.0007631578947368421,0.0076315789473684215,0.0076315789473684215,39,,,,,,,,,,,,,,,,,,,,,
0.0076315789473684215,0.0076315789473684215,0.0007631578947368421,0.0007631578947368421,0.0076315789473684215,0.0076315789473684215,39,,,,,,,,,,,,,,,,,,,,,
0.0076315789473684215,0.0076315789473684215,0.0007631578947368421,0.0007631578947368421,0.0076315789473684215,0.0076315789473684215,39,,,,,,,,,,,,,,,,,,,,,
0.0076315789473684215,0.0076315789473684215,0.0007631578947368421,0.0007631578947368421,0.0076315789473684215,0.0076315789473684215,39,,,,,,,,,,,,,,,,,,,,,
0.0076315789473684215,0.0076315789473684215,0.0007631578947368421,0.0007631578947368421,0.0076315789473684215,0.0076315789473684215,39,,,,,,,,,,,,,,,,,,,,,
0.0076315789473684215,0.0076315789473684215,0.0007631578947368421,0.0007631578947368421,0.0076315789473684215,0.0076315789473684215,39,,,,,,,,,,,,,,,,,,,,,
0.0076315789473684215,0.0076315789473684215,0.0007631578947368421,0.0007631578947368421,0.0076315789473684215,0.0076315789473684215,39,,,,,,,,,,,,,,,,,,,,,
,,,,,,39,0.0195,0.320221871137619,0.0,1.4901161193847656e-08,0.298583984375,-0.0,0.3202233910560608,0,,,,,,,,,,,,,
0.006754385964912281,0.006754385964912281,0.000675438596491228,0.000675438596491228,0.006754385964912281,0.006754385964912281,49,,,,,,,,,,,,,,,,,,,,,
0.006754385964912281,0.006754385964912281,0.000675438596491228,0.000675438596491228,0.006754385964912281,0.006754385964912281,49,,,,,,,,,,,,,,,,,,,,,
0.006754385964912281,0.006754385964912281,0.000675438596491228,0.000675438596491228,0.006754385964912281,0.006754385964912281,49,,,,,,,,,,,,,,,,,,,,,
0.006754385964912281,0.006754385964912281,0.000675438596491228,0.000675438596491228,0.006754385964912281,0.006754385964912281,49,,,,,,,,,,,,,,,,,,,,,
0.006754385964912281,0.006754385964912281,0.000675438596491228,0.000675438596491228,0.006754385964912281,0.006754385964912281,49,,,,,,,,,,,,,,,,,,,,,
0.006754385964912281,0.006754385964912281,0.000675438596491228,0.000675438596491228,0.006754385964912281,0.006754385964912281,49,,,,,,,,,,,,,,,,,,,,,
0.006754385964912281,0.006754385964912281,0.000675438596491228,0.000675438596491228,0.006754385964912281,0.006754385964912281,49,,,,,,,,,,,,,,,,,,,,,
0.006754385964912281,0.006754385964912281,0.000675438596491228,0.000675438596491228,0.006754385964912281,0.006754385964912281,49,,,,,,,,,,,,,,,,,,,,,
0.006754385964912281,0.006754385964912281,0.000675438596491228,0.000675438596491228,0.006754385964912281,0.006754385964912281,49,,,,,,,,,,,,,,,,,,,,,
0.006754385964912281,0.006754385964912281,0.000675438596491228,0.000675438596491228,0.006754385964912281,0.006754385964912281,49,,,,,,,,,,,,,,,,,,,,,
0.006754385964912281,0.006754385964912281,0.000675438596491228,0.000675438596491228,0.006754385964912281,0.006754385964912281,49,,,,,,,,,,,,,,,,,,,,,
0.006754385964912281,0.006754385964912281,0.000675438596491228,0.000675438596491228,0.006754385964912281,0.006754385964912281,49,,,,,,,,,,,,,,,,,,,,,
0.006754385964912281,0.006754385964912281,0.000675438596491228,0.000675438596491228,0.006754385964912281,0.006754385964912281,49,,,,,,,,,,,,,,,,,,,,,
0.006754385964912281,0.006754385964912281,0.000675438596491228,0.000675438596491228,0.006754385964912281,0.006754385964912281,49,,,,,,,,,,,,,,,,,,,,,
0.006754385964912281,0.006754385964912281,0.000675438596491228,0.000675438596491228,0.006754385964912281,0.006754385964912281,49,,,,,,,,,,,,,,,,,,,,,
0.006754385964912281,0.006754385964912281,0.000675438596491228,0.000675438596491228,0.006754385964912281,0.006754385964912281,49,,,,,,,,,,,,,,,,,,,,,
0.006754385964912281,0.006754385964912281,0.000675438596491228,0.000675438596491228,0.006754385964912281,0.006754385964912281,49,,,,,,,,,,,,,,,,,,,,,
0.006754385964912281,0.006754385964912281,0.000675438596491228,0.000675438596491228,0.006754385964912281,0.006754385964912281,49,,,,,,,,,,,,,,,,,,,,,
0.006754385964912281,0.006754385964912281,0.000675438596491228,0.000675438596491228,0.006754385964912281,0.006754385964912281,49,,,,,,,,,,,,,,,,,,,,,
0.006754385964912281,0.006754385964912281,0.000675438596491228,0.000675438596491228,0.006754385964912281,0.006754385964912281,49,,,,,,,,,,,,,,,,,,,,,
0.006754385964912281,0.006754385964912281,0.000675438596491228,0.000675438596491228,0.006754385964912281,0.006754385964912281,49,,,,,,,,,,,,,,,,,,,,,
0.006754385964912281,0.006754385964912281,0.000675438596491228,0.000675438596491228,0.006754385964912281,0.006754385964912281,49,,,,,,,,,,,,,,,,,,,,,
0.006754385964912281,0.006754385964912281,0.000675438596491228,0.000675438596491228,0.006754385964912281,0.006754385964912281,49,,,,,,,,,,,,,,,,,,,,,
0.006754385964912281,0.006754385964912281,0.000675438596491228,0.000675438596491228,0.006754385964912281,0.006754385964912281,49,,,,,,,,,,,,,,,,,,,,,
0.006754385964912281,0.006754385964912281,0.000675438596491228,0.000675438596491228,0.006754385964912281,0.006754385964912281,49,,,,,,,,,,,,,,,,,,,,,
0.006754385964912281,0.006754385964912281,0.000675438596491228,0.000675438596491228,0.006754385964912281,0.006754385964912281,49,,,,,,,,,,,,,,,,,,,,,
0.006754385964912281,0.006754385964912281,0.000675438596491228,0.000675438596491228,0.006754385964912281,0.006754385964912281,49,,,,,,,,,,,,,,,,,,,,,
0.006754385964912281,0.006754385964912281,0.000675438596491228,0.000675438596491228,0.006754385964912281,0.006754385964912281,49,,,,,,,,,,,,,,,,,,,,,
0.006754385964912281,0.006754385964912281,0.000675438596491228,0.000675438596491228,0.006754385964912281,0.006754385964912281,49,,,,,,,,,,,,,,,,,,,,,
0.006754385964912281,0.006754385964912281,0.000675438596491228,0.000675438596491228,0.006754385964912281,0.006754385964912281,49,,,,,,,,,,,,,,,,,,,,,
0.006754385964912281,0.006754385964912281,0.000675438596491228,0.000675438596491228,0.006754385964912281,0.006754385964912281,49,,,,,,,,,,,,,,,,,,,,,
0.006754385964912281,0.006754385964912281,0.000675438596491228,0.000675438596491228,0.006754385964912281,0.006754385964912281,49,,,,,,,,,,,,,,,,,,,,,
0.006754385964912281,0.006754385964912281,0.000675438596491228,0.000675438596491228,0.006754385964912281,0.006754385964912281,49,,,,,,,,,,,,,,,,,,,,,
0.006754385964912281,0.006754385964912281,0.000675438596491228,0.000675438596491228,0.006754385964912281,0.006754385964912281,49,,,,,,,,,,,,,,,,,,,,,
0.006754385964912281,0.006754385964912281,0.000675438596491228,0.000675438596491228,0.006754385964912281,0.006754385964912281,49,,,,,,,,,,,,,,,,,,,,,
0.006754385964912281,0.006754385964912281,0.000675438596491228,0.000675438596491228,0.006754385964912281,0.006754385964912281,49,,,,,,,,,,,,,,,,,,,,,
0.006754385964912281,0.006754385964912281,0.000675438596491228,0.000675438596491228,0.006754385964912281,0.006754385964912281,49,,,,,,,,,,,,,,,,,,,,,
0.006754385964912281,0.006754385964912281,0.000675438596491228,0.000675438596491228,0.006754385964912281,0.006754385964912281,49,,,,,,,,,,,,,,,,,,,,,
0.006754385964912281,0.006754385964912281,0.000675438596491228,0.000675438596491228,0.006754385964912281,0.006754385964912281,49,,,,,,,,,,,,,,,,,,,,,
0.006754385964912281,0.006754385964912281,0.000675438596491228,0.000675438596491228,0.006754385964912281,0.006754385964912281,49,,,,,,,,,,,,,,,,,,,,,
0.006754385964912281,0.006754385964912281,0.000675438596491228,0.000675438596491228,0.006754385964912281,0.006754385964912281,49,,,,,,,,,,,,,,,,,,,,,
0.006754385964912281,0.006754385964912281,0.000675438596491228,0.000675438596491228,0.006754385964912281,0.006754385964912281,49,,,,,,,,,,,,,,,,,,,,,
0.006754385964912281,0.006754385964912281,0.000675438596491228,0.000675438596491228,0.006754385964912281,0.006754385964912281,49,,,,,,,,,,,,,,,,,,,,,
0.006754385964912281,0.006754385964912281,0.000675438596491228,0.000675438596491228,0.006754385964912281,0.006754385964912281,49,,,,,,,,,,,,,,,,,,,,,
0.006754385964912281,0.006754385964912281,0.000675438596491228,0.000675438596491228,0.006754385964912281,0.006754385964912281,49,,,,,,,,,,,,,,,,,,,,,
0.006754385964912281,0.006754385964912281,0.000675438596491228,0.000675438596491228,0.006754385964912281,0.006754385964912281,49,,,,,,,,,,,,,,,,,,,,,
0.006754385964912281,0.006754385964912281,0.000675438596491228,0.000675438596491228,0.006754385964912281,0.006754385964912281,49,,,,,,,,,,,,,,,,,,,,,
0.006754385964912281,0.006754385964912281,0.000675438596491228,0.000675438596491228,0.006754385964912281,0.006754385964912281,49,,,,,,,,,,,,,,,,,,,,,
0.006754385964912281,0.006754385964912281,0.000675438596491228,0.000675438596491228,0.006754385964912281,0.006754385964912281,49,,,,,,,,,,,,,,,,,,,,,
0.006754385964912281,0.006754385964912281,0.000675438596491228,0.000675438596491228,0.006754385964912281,0.006754385964912281,49,,,,,,,,,,,,,,,,,,,,,
0.006754385964912281,0.006754385964912281,0.000675438596491228,0.000675438596491228,0.006754385964912281,0.006754385964912281,49,,,,,,,,,,,,,,,,,,,,,
0.006754385964912281,0.006754385964912281,0.000675438596491228,0.000675438596491228,0.006754385964912281,0.006754385964912281,49,,,,,,,,,,,,,,,,,,,,,
0.006754385964912281,0.006754385964912281,0.000675438596491228,0.000675438596491228,0.006754385964912281,0.006754385964912281,49,,,,,,,,,,,,,,,,,,,,,
0.006754385964912281,0.006754385964912281,0.000675438596491228,0.000675438596491228,0.006754385964912281,0.006754385964912281,49,,,,,,,,,,,,,,,,,,,,,
0.006754385964912281,0.006754385964912281,0.000675438596491228,0.000675438596491228,0.006754385964912281,0.006754385964912281,49,,,,,,,,,,,,,,,,,,,,,
0.006754385964912281,0.006754385964912281,0.000675438596491228,0.000675438596491228,0.006754385964912281,0.006754385964912281,49,,,,,,,,,,,,,,,,,,,,,
0.006754385964912281,0.006754385964912281,0.000675438596491228,0.000675438596491228,0.006754385964912281,0.006754385964912281,49,,,,,,,,,,,,,,,,,,,,,
0.006754385964912281,0.006754385964912281,0.000675438596491228,0.000675438596491228,0.006754385964912281,0.006754385964912281,49,,,,,,,,,,,,,,,,,,,,,
0.006754385964912281,0.006754385964912281,0.000675438596491228,0.000675438596491228,0.006754385964912281,0.006754385964912281,49,,,,,,,,,,,,,,,,,,,,,
0.006754385964912281,0.006754385964912281,0.000675438596491228,0.000675438596491228,0.006754385964912281,0.006754385964912281,49,,,,,,,,,,,,,,,,,,,,,
0.006754385964912281,0.006754385964912281,0.000675438596491228,0.000675438596491228,0.006754385964912281,0.006754385964912281,49,,,,,,,,,,,,,,,,,,,,,
0.006754385964912281,0.006754385964912281,0.000675438596491228,0.000675438596491228,0.006754385964912281,0.006754385964912281,49,,,,,,,,,,,,,,,,,,,,,
0.006754385964912281,0.006754385964912281,0.000675438596491228,0.000675438596491228,0.006754385964912281,0.006754385964912281,49,,,,,,,,,,,,,,,,,,,,,
0.006754385964912281,0.006754385964912281,0.000675438596491228,0.000675438596491228,0.006754385964912281,0.006754385964912281,49,,,,,,,,,,,,,,,,,,,,,
,,,,,,49,0.0245,0.2231999635696411,0.0,5.960464477539063e-08,0.27880859375,-0.0,0.22319862246513367,0,,,,,,,,,,,,,
0.005877192982456141,0.005877192982456141,0.0005877192982456141,0.0005877192982456141,0.005877192982456141,0.005877192982456141,59,,,,,,,,,,,,,,,,,,,,,
0.005877192982456141,0.005877192982456141,0.0005877192982456141,0.0005877192982456141,0.005877192982456141,0.005877192982456141,59,,,,,,,,,,,,,,,,,,,,,
0.005877192982456141,0.005877192982456141,0.0005877192982456141,0.0005877192982456141,0.005877192982456141,0.005877192982456141,59,,,,,,,,,,,,,,,,,,,,,
0.005877192982456141,0.005877192982456141,0.0005877192982456141,0.0005877192982456141,0.005877192982456141,0.005877192982456141,59,,,,,,,,,,,,,,,,,,,,,
0.005877192982456141,0.005877192982456141,0.0005877192982456141,0.0005877192982456141,0.005877192982456141,0.005877192982456141,59,,,,,,,,,,,,,,,,,,,,,
0.005877192982456141,0.005877192982456141,0.0005877192982456141,0.0005877192982456141,0.005877192982456141,0.005877192982456141,59,,,,,,,,,,,,,,,,,,,,,
0.005877192982456141,0.005877192982456141,0.0005877192982456141,0.0005877192982456141,0.005877192982456141,0.005877192982456141,59,,,,,,,,,,,,,,,,,,,,,
0.005877192982456141,0.005877192982456141,0.0005877192982456141,0.0005877192982456141,0.005877192982456141,0.005877192982456141,59,,,,,,,,,,,,,,,,,,,,,
0.005877192982456141,0.005877192982456141,0.0005877192982456141,0.0005877192982456141,0.005877192982456141,0.005877192982456141,59,,,,,,,,,,,,,,,,,,,,,
0.005877192982456141,0.005877192982456141,0.0005877192982456141,0.0005877192982456141,0.005877192982456141,0.005877192982456141,59,,,,,,,,,,,,,,,,,,,,,
0.005877192982456141,0.005877192982456141,0.0005877192982456141,0.0005877192982456141,0.005877192982456141,0.005877192982456141,59,,,,,,,,,,,,,,,,,,,,,
0.005877192982456141,0.005877192982456141,0.0005877192982456141,0.0005877192982456141,0.005877192982456141,0.005877192982456141,59,,,,,,,,,,,,,,,,,,,,,
0.005877192982456141,0.005877192982456141,0.0005877192982456141,0.0005877192982456141,0.005877192982456141,0.005877192982456141,59,,,,,,,,,,,,,,,,,,,,,
0.005877192982456141,0.005877192982456141,0.0005877192982456141,0.0005877192982456141,0.005877192982456141,0.005877192982456141,59,,,,,,,,,,,,,,,,,,,,,
0.005877192982456141,0.005877192982456141,0.0005877192982456141,0.0005877192982456141,0.005877192982456141,0.005877192982456141,59,,,,,,,,,,,,,,,,,,,,,
0.005877192982456141,0.005877192982456141,0.0005877192982456141,0.0005877192982456141,0.005877192982456141,0.005877192982456141,59,,,,,,,,,,,,,,,,,,,,,
0.005877192982456141,0.005877192982456141,0.0005877192982456141,0.0005877192982456141,0.005877192982456141,0.005877192982456141,59,,,,,,,,,,,,,,,,,,,,,
0.005877192982456141,0.005877192982456141,0.0005877192982456141,0.0005877192982456141,0.005877192982456141,0.005877192982456141,59,,,,,,,,,,,,,,,,,,,,,
0.005877192982456141,0.005877192982456141,0.0005877192982456141,0.0005877192982456141,0.005877192982456141,0.005877192982456141,59,,,,,,,,,,,,,,,,,,,,,
0.005877192982456141,0.005877192982456141,0.0005877192982456141,0.0005877192982456141,0.005877192982456141,0.005877192982456141,59,,,,,,,,,,,,,,,,,,,,,
0.005877192982456141,0.005877192982456141,0.0005877192982456141,0.0005877192982456141,0.005877192982456141,0.005877192982456141,59,,,,,,,,,,,,,,,,,,,,,
0.005877192982456141,0.005877192982456141,0.0005877192982456141,0.0005877192982456141,0.005877192982456141,0.005877192982456141,59,,,,,,,,,,,,,,,,,,,,,
0.005877192982456141,0.005877192982456141,0.0005877192982456141,0.0005877192982456141,0.005877192982456141,0.005877192982456141,59,,,,,,,,,,,,,,,,,,,,,
0.005877192982456141,0.005877192982456141,0.0005877192982456141,0.0005877192982456141,0.005877192982456141,0.005877192982456141,59,,,,,,,,,,,,,,,,,,,,,
0.005877192982456141,0.005877192982456141,0.0005877192982456141,0.0005877192982456141,0.005877192982456141,0.005877192982456141,59,,,,,,,,,,,,,,,,,,,,,
0.005877192982456141,0.005877192982456141,0.0005877192982456141,0.0005877192982456141,0.005877192982456141,0.005877192982456141,59,,,,,,,,,,,,,,,,,,,,,
0.005877192982456141,0.005877192982456141,0.0005877192982456141,0.0005877192982456141,0.005877192982456141,0.005877192982456141,59,,,,,,,,,,,,,,,,,,,,,
0.005877192982456141,0.005877192982456141,0.0005877192982456141,0.0005877192982456141,0.005877192982456141,0.005877192982456141,59,,,,,,,,,,,,,,,,,,,,,
0.005877192982456141,0.005877192982456141,0.0005877192982456141,0.0005877192982456141,0.005877192982456141,0.005877192982456141,59,,,,,,,,,,,,,,,,,,,,,
0.005877192982456141,0.005877192982456141,0.0005877192982456141,0.0005877192982456141,0.005877192982456141,0.005877192982456141,59,,,,,,,,,,,,,,,,,,,,,
0.005877192982456141,0.005877192982456141,0.0005877192982456141,0.0005877192982456141,0.005877192982456141,0.005877192982456141,59,,,,,,,,,,,,,,,,,,,,,
0.005877192982456141,0.005877192982456141,0.0005877192982456141,0.0005877192982456141,0.005877192982456141,0.005877192982456141,59,,,,,,,,,,,,,,,,,,,,,
0.005877192982456141,0.005877192982456141,0.0005877192982456141,0.0005877192982456141,0.005877192982456141,0.005877192982456141,59,,,,,,,,,,,,,,,,,,,,,
0.005877192982456141,0.005877192982456141,0.0005877192982456141,0.0005877192982456141,0.005877192982456141,0.005877192982456141,59,,,,,,,,,,,,,,,,,,,,,
0.005877192982456141,0.005877192982456141,0.0005877192982456141,0.0005877192982456141,0.005877192982456141,0.005877192982456141,59,,,,,,,,,,,,,,,,,,,,,
0.005877192982456141,0.005877192982456141,0.0005877192982456141,0.0005877192982456141,0.005877192982456141,0.005877192982456141,59,,,,,,,,,,,,,,,,,,,,,
0.005877192982456141,0.005877192982456141,0.0005877192982456141,0.0005877192982456141,0.005877192982456141,0.005877192982456141,59,,,,,,,,,,,,,,,,,,,,,
0.005877192982456141,0.005877192982456141,0.0005877192982456141,0.0005877192982456141,0.005877192982456141,0.005877192982456141,59,,,,,,,,,,,,,,,,,,,,,
0.005877192982456141,0.005877192982456141,0.0005877192982456141,0.0005877192982456141,0.005877192982456141,0.005877192982456141,59,,,,,,,,,,,,,,,,,,,,,
0.005877192982456141,0.005877192982456141,0.0005877192982456141,0.0005877192982456141,0.005877192982456141,0.005877192982456141,59,,,,,,,,,,,,,,,,,,,,,
0.005877192982456141,0.005877192982456141,0.0005877192982456141,0.0005877192982456141,0.005877192982456141,0.005877192982456141,59,,,,,,,,,,,,,,,,,,,,,
0.005877192982456141,0.005877192982456141,0.0005877192982456141,0.0005877192982456141,0.005877192982456141,0.005877192982456141,59,,,,,,,,,,,,,,,,,,,,,
0.005877192982456141,0.005877192982456141,0.0005877192982456141,0.0005877192982456141,0.005877192982456141,0.005877192982456141,59,,,,,,,,,,,,,,,,,,,,,
0.005877192982456141,0.005877192982456141,0.0005877192982456141,0.0005877192982456141,0.005877192982456141,0.005877192982456141,59,,,,,,,,,,,,,,,,,,,,,
0.005877192982456141,0.005877192982456141,0.0005877192982456141,0.0005877192982456141,0.005877192982456141,0.005877192982456141,59,,,,,,,,,,,,,,,,,,,,,
0.005877192982456141,0.005877192982456141,0.0005877192982456141,0.0005877192982456141,0.005877192982456141,0.005877192982456141,59,,,,,,,,,,,,,,,,,,,,,
0.005877192982456141,0.005877192982456141,0.0005877192982456141,0.0005877192982456141,0.005877192982456141,0.005877192982456141,59,,,,,,,,,,,,,,,,,,,,,
0.005877192982456141,0.005877192982456141,0.0005877192982456141,0.0005877192982456141,0.005877192982456141,0.005877192982456141,59,,,,,,,,,,,,,,,,,,,,,
0.005877192982456141,0.005877192982456141,0.0005877192982456141,0.0005877192982456141,0.005877192982456141,0.005877192982456141,59,,,,,,,,,,,,,,,,,,,,,
0.005877192982456141,0.005877192982456141,0.0005877192982456141,0.0005877192982456141,0.005877192982456141,0.005877192982456141,59,,,,,,,,,,,,,,,,,,,,,
0.005877192982456141,0.005877192982456141,0.0005877192982456141,0.0005877192982456141,0.005877192982456141,0.005877192982456141,59,,,,,,,,,,,,,,,,,,,,,
0.005877192982456141,0.005877192982456141,0.0005877192982456141,0.0005877192982456141,0.005877192982456141,0.005877192982456141,59,,,,,,,,,,,,,,,,,,,,,
0.005877192982456141,0.005877192982456141,0.0005877192982456141,0.0005877192982456141,0.005877192982456141,0.005877192982456141,59,,,,,,,,,,,,,,,,,,,,,
0.005877192982456141,0.005877192982456141,0.0005877192982456141,0.0005877192982456141,0.005877192982456141,0.005877192982456141,59,,,,,,,,,,,,,,,,,,,,,
0.005877192982456141,0.005877192982456141,0.0005877192982456141,0.0005877192982456141,0.005877192982456141,0.005877192982456141,59,,,,,,,,,,,,,,,,,,,,,
0.005877192982456141,0.005877192982456141,0.0005877192982456141,0.0005877192982456141,0.005877192982456141,0.005877192982456141,59,,,,,,,,,,,,,,,,,,,,,
0.005877192982456141,0.005877192982456141,0.0005877192982456141,0.0005877192982456141,0.005877192982456141,0.005877192982456141,59,,,,,,,,,,,,,,,,,,,,,
0.005877192982456141,0.005877192982456141,0.0005877192982456141,0.0005877192982456141,0.005877192982456141,0.005877192982456141,59,,,,,,,,,,,,,,,,,,,,,
0.005877192982456141,0.005877192982456141,0.0005877192982456141,0.0005877192982456141,0.005877192982456141,0.005877192982456141,59,,,,,,,,,,,,,,,,,,,,,
0.005877192982456141,0.005877192982456141,0.0005877192982456141,0.0005877192982456141,0.005877192982456141,0.005877192982456141,59,,,,,,,,,,,,,,,,,,,,,
0.005877192982456141,0.005877192982456141,0.0005877192982456141,0.0005877192982456141,0.005877192982456141,0.005877192982456141,59,,,,,,,,,,,,,,,,,,,,,
0.005877192982456141,0.005877192982456141,0.0005877192982456141,0.0005877192982456141,0.005877192982456141,0.005877192982456141,59,,,,,,,,,,,,,,,,,,,,,
0.005877192982456141,0.005877192982456141,0.0005877192982456141,0.0005877192982456141,0.005877192982456141,0.005877192982456141,59,,,,,,,,,,,,,,,,,,,,,
0.005877192982456141,0.005877192982456141,0.0005877192982456141,0.0005877192982456141,0.005877192982456141,0.005877192982456141,59,,,,,,,,,,,,,,,,,,,,,
,,,,,,59,0.0295,0.40429970622062683,0.0,0.0,0.250244140625,-0.0,0.404302179813385,0,,,,,,,,,,,,,
0.005,0.005,0.0005,0.0005,0.005,0.005,69,,,,,,,,,,,,,,,,,,,,,
0.005,0.005,0.0005,0.0005,0.005,0.005,69,,,,,,,,,,,,,,,,,,,,,
0.005,0.005,0.0005,0.0005,0.005,0.005,69,,,,,,,,,,,,,,,,,,,,,
0.005,0.005,0.0005,0.0005,0.005,0.005,69,,,,,,,,,,,,,,,,,,,,,
0.005,0.005,0.0005,0.0005,0.005,0.005,69,,,,,,,,,,,,,,,,,,,,,
0.005,0.005,0.0005,0.0005,0.005,0.005,69,,,,,,,,,,,,,,,,,,,,,
0.005,0.005,0.0005,0.0005,0.005,0.005,69,,,,,,,,,,,,,,,,,,,,,
0.005,0.005,0.0005,0.0005,0.005,0.005,69,,,,,,,,,,,,,,,,,,,,,
0.005,0.005,0.0005,0.0005,0.005,0.005,69,,,,,,,,,,,,,,,,,,,,,
0.005,0.005,0.0005,0.0005,0.005,0.005,69,,,,,,,,,,,,,,,,,,,,,
0.005,0.005,0.0005,0.0005,0.005,0.005,69,,,,,,,,,,,,,,,,,,,,,
0.005,0.005,0.0005,0.0005,0.005,0.005,69,,,,,,,,,,,,,,,,,,,,,
0.005,0.005,0.0005,0.0005,0.005,0.005,69,,,,,,,,,,,,,,,,,,,,,
0.005,0.005,0.0005,0.0005,0.005,0.005,69,,,,,,,,,,,,,,,,,,,,,
0.005,0.005,0.0005,0.0005,0.005,0.005,69,,,,,,,,,,,,,,,,,,,,,
0.005,0.005,0.0005,0.0005,0.005,0.005,69,,,,,,,,,,,,,,,,,,,,,
0.005,0.005,0.0005,0.0005,0.005,0.005,69,,,,,,,,,,,,,,,,,,,,,
0.005,0.005,0.0005,0.0005,0.005,0.005,69,,,,,,,,,,,,,,,,,,,,,
0.005,0.005,0.0005,0.0005,0.005,0.005,69,,,,,,,,,,,,,,,,,,,,,
0.005,0.005,0.0005,0.0005,0.005,0.005,69,,,,,,,,,,,,,,,,,,,,,
0.005,0.005,0.0005,0.0005,0.005,0.005,69,,,,,,,,,,,,,,,,,,,,,
0.005,0.005,0.0005,0.0005,0.005,0.005,69,,,,,,,,,,,,,,,,,,,,,
0.005,0.005,0.0005,0.0005,0.005,0.005,69,,,,,,,,,,,,,,,,,,,,,
0.005,0.005,0.0005,0.0005,0.005,0.005,69,,,,,,,,,,,,,,,,,,,,,
0.005,0.005,0.0005,0.0005,0.005,0.005,69,,,,,,,,,,,,,,,,,,,,,
0.005,0.005,0.0005,0.0005,0.005,0.005,69,,,,,,,,,,,,,,,,,,,,,
0.005,0.005,0.0005,0.0005,0.005,0.005,69,,,,,,,,,,,,,,,,,,,,,
0.005,0.005,0.0005,0.0005,0.005,0.005,69,,,,,,,,,,,,,,,,,,,,,
0.005,0.005,0.0005,0.0005,0.005,0.005,69,,,,,,,,,,,,,,,,,,,,,
0.005,0.005,0.0005,0.0005,0.005,0.005,69,,,,,,,,,,,,,,,,,,,,,
0.005,0.005,0.0005,0.0005,0.005,0.005,69,,,,,,,,,,,,,,,,,,,,,
0.005,0.005,0.0005,0.0005,0.005,0.005,69,,,,,,,,,,,,,,,,,,,,,
0.005,0.005,0.0005,0.0005,0.005,0.005,69,,,,,,,,,,,,,,,,,,,,,
0.005,0.005,0.0005,0.0005,0.005,0.005,69,,,,,,,,,,,,,,,,,,,,,
0.005,0.005,0.0005,0.0005,0.005,0.005,69,,,,,,,,,,,,,,,,,,,,,
0.005,0.005,0.0005,0.0005,0.005,0.005,69,,,,,,,,,,,,,,,,,,,,,
0.005,0.005,0.0005,0.0005,0.005,0.005,69,,,,,,,,,,,,,,,,,,,,,
0.005,0.005,0.0005,0.0005,0.005,0.005,69,,,,,,,,,,,,,,,,,,,,,
0.005,0.005,0.0005,0.0005,0.005,0.005,69,,,,,,,,,,,,,,,,,,,,,
0.005,0.005,0.0005,0.0005,0.005,0.005,69,,,,,,,,,,,,,,,,,,,,,
0.005,0.005,0.0005,0.0005,0.005,0.005,69,,,,,,,,,,,,,,,,,,,,,
0.005,0.005,0.0005,0.0005,0.005,0.005,69,,,,,,,,,,,,,,,,,,,,,
0.005,0.005,0.0005,0.0005,0.005,0.005,69,,,,,,,,,,,,,,,,,,,,,
0.005,0.005,0.0005,0.0005,0.005,0.005,69,,,,,,,,,,,,,,,,,,,,,
0.005,0.005,0.0005,0.0005,0.005,0.005,69,,,,,,,,,,,,,,,,,,,,,
0.005,0.005,0.0005,0.0005,0.005,0.005,69,,,,,,,,,,,,,,,,,,,,,
0.005,0.005,0.0005,0.0005,0.005,0.005,69,,,,,,,,,,,,,,,,,,,,,
0.005,0.005,0.0005,0.0005,0.005,0.005,69,,,,,,,,,,,,,,,,,,,,,
0.005,0.005,0.0005,0.0005,0.005,0.005,69,,,,,,,,,,,,,,,,,,,,,
0.005,0.005,0.0005,0.0005,0.005,0.005,69,,,,,,,,,,,,,,,,,,,,,
0.005,0.005,0.0005,0.0005,0.005,0.005,69,,,,,,,,,,,,,,,,,,,,,
0.005,0.005,0.0005,0.0005,0.005,0.005,69,,,,,,,,,,,,,,,,,,,,,
0.005,0.005,0.0005,0.0005,0.005,0.005,69,,,,,,,,,,,,,,,,,,,,,
0.005,0.005,0.0005,0.0005,0.005,0.005,69,,,,,,,,,,,,,,,,,,,,,
0.005,0.005,0.0005,0.0005,0.005,0.005,69,,,,,,,,,,,,,,,,,,,,,
0.005,0.005,0.0005,0.0005,0.005,0.005,69,,,,,,,,,,,,,,,,,,,,,
0.005,0.005,0.0005,0.0005,0.005,0.005,69,,,,,,,,,,,,,,,,,,,,,
0.005,0.005,0.0005,0.0005,0.005,0.005,69,,,,,,,,,,,,,,,,,,,,,
0.005,0.005,0.0005,0.0005,0.005,0.005,69,,,,,,,,,,,,,,,,,,,,,
0.005,0.005,0.0005,0.0005,0.005,0.005,69,,,,,,,,,,,,,,,,,,,,,
0.005,0.005,0.0005,0.0005,0.005,0.005,69,,,,,,,,,,,,,,,,,,,,,
0.005,0.005,0.0005,0.0005,0.005,0.005,69,,,,,,,,,,,,,,,,,,,,,
0.005,0.005,0.0005,0.0005,0.005,0.005,69,,,,,,,,,,,,,,,,,,,,,
0.005,0.005,0.0005,0.0005,0.005,0.005,69,,,,,,,,,,,,,,,,,,,,,
,,,,,,69,0.0345,0.27413901686668396,0.22799158096313477,-3.973643103449831e-08,0.3017578125,0.0,0.2256660759449005,0,,,,,,,,,,,,,
0.00412280701754386,0.00412280701754386,0.000412280701754386,0.000412280701754386,0.00412280701754386,0.00412280701754386,79,,,,,,,,,,,,,,,,,,,,,
0.00412280701754386,0.00412280701754386,0.000412280701754386,0.000412280701754386,0.00412280701754386,0.00412280701754386,79,,,,,,,,,,,,,,,,,,,,,
0.00412280701754386,0.00412280701754386,0.000412280701754386,0.000412280701754386,0.00412280701754386,0.00412280701754386,79,,,,,,,,,,,,,,,,,,,,,
0.00412280701754386,0.00412280701754386,0.000412280701754386,0.000412280701754386,0.00412280701754386,0.00412280701754386,79,,,,,,,,,,,,,,,,,,,,,
0.00412280701754386,0.00412280701754386,0.000412280701754386,0.000412280701754386,0.00412280701754386,0.00412280701754386,79,,,,,,,,,,,,,,,,,,,,,
0.00412280701754386,0.00412280701754386,0.000412280701754386,0.000412280701754386,0.00412280701754386,0.00412280701754386,79,,,,,,,,,,,,,,,,,,,,,
0.00412280701754386,0.00412280701754386,0.000412280701754386,0.000412280701754386,0.00412280701754386,0.00412280701754386,79,,,,,,,,,,,,,,,,,,,,,
0.00412280701754386,0.00412280701754386,0.000412280701754386,0.000412280701754386,0.00412280701754386,0.00412280701754386,79,,,,,,,,,,,,,,,,,,,,,
0.00412280701754386,0.00412280701754386,0.000412280701754386,0.000412280701754386,0.00412280701754386,0.00412280701754386,79,,,,,,,,,,,,,,,,,,,,,
0.00412280701754386,0.00412280701754386,0.000412280701754386,0.000412280701754386,0.00412280701754386,0.00412280701754386,79,,,,,,,,,,,,,,,,,,,,,
0.00412280701754386,0.00412280701754386,0.000412280701754386,0.000412280701754386,0.00412280701754386,0.00412280701754386,79,,,,,,,,,,,,,,,,,,,,,
0.00412280701754386,0.00412280701754386,0.000412280701754386,0.000412280701754386,0.00412280701754386,0.00412280701754386,79,,,,,,,,,,,,,,,,,,,,,
0.00412280701754386,0.00412280701754386,0.000412280701754386,0.000412280701754386,0.00412280701754386,0.00412280701754386,79,,,,,,,,,,,,,,,,,,,,,
0.00412280701754386,0.00412280701754386,0.000412280701754386,0.000412280701754386,0.00412280701754386,0.00412280701754386,79,,,,,,,,,,,,,,,,,,,,,
0.00412280701754386,0.00412280701754386,0.000412280701754386,0.000412280701754386,0.00412280701754386,0.00412280701754386,79,,,,,,,,,,,,,,,,,,,,,
0.00412280701754386,0.00412280701754386,0.000412280701754386,0.000412280701754386,0.00412280701754386,0.00412280701754386,79,,,,,,,,,,,,,,,,,,,,,
0.00412280701754386,0.00412280701754386,0.000412280701754386,0.000412280701754386,0.00412280701754386,0.00412280701754386,79,,,,,,,,,,,,,,,,,,,,,
0.00412280701754386,0.00412280701754386,0.000412280701754386,0.000412280701754386,0.00412280701754386,0.00412280701754386,79,,,,,,,,,,,,,,,,,,,,,
0.00412280701754386,0.00412280701754386,0.000412280701754386,0.000412280701754386,0.00412280701754386,0.00412280701754386,79,,,,,,,,,,,,,,,,,,,,,
0.00412280701754386,0.00412280701754386,0.000412280701754386,0.000412280701754386,0.00412280701754386,0.00412280701754386,79,,,,,,,,,,,,,,,,,,,,,
0.00412280701754386,0.00412280701754386,0.000412280701754386,0.000412280701754386,0.00412280701754386,0.00412280701754386,79,,,,,,,,,,,,,,,,,,,,,
0.00412280701754386,0.00412280701754386,0.000412280701754386,0.000412280701754386,0.00412280701754386,0.00412280701754386,79,,,,,,,,,,,,,,,,,,,,,
0.00412280701754386,0.00412280701754386,0.000412280701754386,0.000412280701754386,0.00412280701754386,0.00412280701754386,79,,,,,,,,,,,,,,,,,,,,,
0.00412280701754386,0.00412280701754386,0.000412280701754386,0.000412280701754386,0.00412280701754386,0.00412280701754386,79,,,,,,,,,,,,,,,,,,,,,
0.00412280701754386,0.00412280701754386,0.000412280701754386,0.000412280701754386,0.00412280701754386,0.00412280701754386,79,,,,,,,,,,,,,,,,,,,,,
0.00412280701754386,0.00412280701754386,0.000412280701754386,0.000412280701754386,0.00412280701754386,0.00412280701754386,79,,,,,,,,,,,,,,,,,,,,,
0.00412280701754386,0.00412280701754386,0.000412280701754386,0.000412280701754386,0.00412280701754386,0.00412280701754386,79,,,,,,,,,,,,,,,,,,,,,
0.00412280701754386,0.00412280701754386,0.000412280701754386,0.000412280701754386,0.00412280701754386,0.00412280701754386,79,,,,,,,,,,,,,,,,,,,,,
0.00412280701754386,0.00412280701754386,0.000412280701754386,0.000412280701754386,0.00412280701754386,0.00412280701754386,79,,,,,,,,,,,,,,,,,,,,,
0.00412280701754386,0.00412280701754386,0.000412280701754386,0.000412280701754386,0.00412280701754386,0.00412280701754386,79,,,,,,,,,,,,,,,,,,,,,
0.00412280701754386,0.00412280701754386,0.000412280701754386,0.000412280701754386,0.00412280701754386,0.00412280701754386,79,,,,,,,,,,,,,,,,,,,,,
0.00412280701754386,0.00412280701754386,0.000412280701754386,0.000412280701754386,0.00412280701754386,0.00412280701754386,79,,,,,,,,,,,,,,,,,,,,,
0.00412280701754386,0.00412280701754386,0.000412280701754386,0.000412280701754386,0.00412280701754386,0.00412280701754386,79,,,,,,,,,,,,,,,,,,,,,
0.00412280701754386,0.00412280701754386,0.000412280701754386,0.000412280701754386,0.00412280701754386,0.00412280701754386,79,,,,,,,,,,,,,,,,,,,,,
0.00412280701754386,0.00412280701754386,0.000412280701754386,0.000412280701754386,0.00412280701754386,0.00412280701754386,79,,,,,,,,,,,,,,,,,,,,,
0.00412280701754386,0.00412280701754386,0.000412280701754386,0.000412280701754386,0.00412280701754386,0.00412280701754386,79,,,,,,,,,,,,,,,,,,,,,
0.00412280701754386,0.00412280701754386,0.000412280701754386,0.000412280701754386,0.00412280701754386,0.00412280701754386,79,,,,,,,,,,,,,,,,,,,,,
0.00412280701754386,0.00412280701754386,0.000412280701754386,0.000412280701754386,0.00412280701754386,0.00412280701754386,79,,,,,,,,,,,,,,,,,,,,,
0.00412280701754386,0.00412280701754386,0.000412280701754386,0.000412280701754386,0.00412280701754386,0.00412280701754386,79,,,,,,,,,,,,,,,,,,,,,
0.00412280701754386,0.00412280701754386,0.000412280701754386,0.000412280701754386,0.00412280701754386,0.00412280701754386,79,,,,,,,,,,,,,,,,,,,,,
0.00412280701754386,0.00412280701754386,0.000412280701754386,0.000412280701754386,0.00412280701754386,0.00412280701754386,79,,,,,,,,,,,,,,,,,,,,,
0.00412280701754386,0.00412280701754386,0.000412280701754386,0.000412280701754386,0.00412280701754386,0.00412280701754386,79,,,,,,,,,,,,,,,,,,,,,
0.00412280701754386,0.00412280701754386,0.000412280701754386,0.000412280701754386,0.00412280701754386,0.00412280701754386,79,,,,,,,,,,,,,,,,,,,,,
0.00412280701754386,0.00412280701754386,0.000412280701754386,0.000412280701754386,0.00412280701754386,0.00412280701754386,79,,,,,,,,,,,,,,,,,,,,,
0.00412280701754386,0.00412280701754386,0.000412280701754386,0.000412280701754386,0.00412280701754386,0.00412280701754386,79,,,,,,,,,,,,,,,,,,,,,
0.00412280701754386,0.00412280701754386,0.000412280701754386,0.000412280701754386,0.00412280701754386,0.00412280701754386,79,,,,,,,,,,,,,,,,,,,,,
0.00412280701754386,0.00412280701754386,0.000412280701754386,0.000412280701754386,0.00412280701754386,0.00412280701754386,79,,,,,,,,,,,,,,,,,,,,,
0.00412280701754386,0.00412280701754386,0.000412280701754386,0.000412280701754386,0.00412280701754386,0.00412280701754386,79,,,,,,,,,,,,,,,,,,,,,
0.00412280701754386,0.00412280701754386,0.000412280701754386,0.000412280701754386,0.00412280701754386,0.00412280701754386,79,,,,,,,,,,,,,,,,,,,,,
0.00412280701754386,0.00412280701754386,0.000412280701754386,0.000412280701754386,0.00412280701754386,0.00412280701754386,79,,,,,,,,,,,,,,,,,,,,,
0.00412280701754386,0.00412280701754386,0.000412280701754386,0.000412280701754386,0.00412280701754386,0.00412280701754386,79,,,,,,,,,,,,,,,,,,,,,
0.00412280701754386,0.00412280701754386,0.000412280701754386,0.000412280701754386,0.00412280701754386,0.00412280701754386,79,,,,,,,,,,,,,,,,,,,,,
0.00412280701754386,0.00412280701754386,0.000412280701754386,0.000412280701754386,0.00412280701754386,0.00412280701754386,79,,,,,,,,,,,,,,,,,,,,,
0.00412280701754386,0.00412280701754386,0.000412280701754386,0.000412280701754386,0.00412280701754386,0.00412280701754386,79,,,,,,,,,,,,,,,,,,,,,
0.00412280701754386,0.00412280701754386,0.000412280701754386,0.000412280701754386,0.00412280701754386,0.00412280701754386,79,,,,,,,,,,,,,,,,,,,,,
0.00412280701754386,0.00412280701754386,0.000412280701754386,0.000412280701754386,0.00412280701754386,0.00412280701754386,79,,,,,,,,,,,,,,,,,,,,,
0.00412280701754386,0.00412280701754386,0.000412280701754386,0.000412280701754386,0.00412280701754386,0.00412280701754386,79,,,,,,,,,,,,,,,,,,,,,
0.00412280701754386,0.00412280701754386,0.000412280701754386,0.000412280701754386,0.00412280701754386,0.00412280701754386,79,,,,,,,,,,,,,,,,,,,,,
0.00412280701754386,0.00412280701754386,0.000412280701754386,0.000412280701754386,0.00412280701754386,0.00412280701754386,79,,,,,,,,,,,,,,,,,,,,,
0.00412280701754386,0.00412280701754386,0.000412280701754386,0.000412280701754386,0.00412280701754386,0.00412280701754386,79,,,,,,,,,,,,,,,,,,,,,
0.00412280701754386,0.00412280701754386,0.000412280701754386,0.000412280701754386,0.00412280701754386,0.00412280701754386,79,,,,,,,,,,,,,,,,,,,,,
0.00412280701754386,0.00412280701754386,0.000412280701754386,0.000412280701754386,0.00412280701754386,0.00412280701754386,79,,,,,,,,,,,,,,,,,,,,,
0.00412280701754386,0.00412280701754386,0.000412280701754386,0.000412280701754386,0.00412280701754386,0.00412280701754386,79,,,,,,,,,,,,,,,,,,,,,
0.00412280701754386,0.00412280701754386,0.000412280701754386,0.000412280701754386,0.00412280701754386,0.00412280701754386,79,,,,,,,,,,,,,,,,,,,,,
,,,,,,79,0.0395,0.30883103609085083,0.18051040172576904,3.973643103449831e-08,0.333251953125,0.0,0.2650666832923889,0,,,,,,,,,,,,,
0.0032456140350877196,0.0032456140350877196,0.0003245614035087719,0.0003245614035087719,0.0032456140350877196,0.0032456140350877196,89,,,,,,,,,,,,,,,,,,,,,
0.0032456140350877196,0.0032456140350877196,0.0003245614035087719,0.0003245614035087719,0.0032456140350877196,0.0032456140350877196,89,,,,,,,,,,,,,,,,,,,,,
0.0032456140350877196,0.0032456140350877196,0.0003245614035087719,0.0003245614035087719,0.0032456140350877196,0.0032456140350877196,89,,,,,,,,,,,,,,,,,,,,,
0.0032456140350877196,0.0032456140350877196,0.0003245614035087719,0.0003245614035087719,0.0032456140350877196,0.0032456140350877196,89,,,,,,,,,,,,,,,,,,,,,
0.0032456140350877196,0.0032456140350877196,0.0003245614035087719,0.0003245614035087719,0.0032456140350877196,0.0032456140350877196,89,,,,,,,,,,,,,,,,,,,,,
0.0032456140350877196,0.0032456140350877196,0.0003245614035087719,0.0003245614035087719,0.0032456140350877196,0.0032456140350877196,89,,,,,,,,,,,,,,,,,,,,,
0.0032456140350877196,0.0032456140350877196,0.0003245614035087719,0.0003245614035087719,0.0032456140350877196,0.0032456140350877196,89,,,,,,,,,,,,,,,,,,,,,
0.0032456140350877196,0.0032456140350877196,0.0003245614035087719,0.0003245614035087719,0.0032456140350877196,0.0032456140350877196,89,,,,,,,,,,,,,,,,,,,,,
0.0032456140350877196,0.0032456140350877196,0.0003245614035087719,0.0003245614035087719,0.0032456140350877196,0.0032456140350877196,89,,,,,,,,,,,,,,,,,,,,,
0.0032456140350877196,0.0032456140350877196,0.0003245614035087719,0.0003245614035087719,0.0032456140350877196,0.0032456140350877196,89,,,,,,,,,,,,,,,,,,,,,
0.0032456140350877196,0.0032456140350877196,0.0003245614035087719,0.0003245614035087719,0.0032456140350877196,0.0032456140350877196,89,,,,,,,,,,,,,,,,,,,,,
0.0032456140350877196,0.0032456140350877196,0.0003245614035087719,0.0003245614035087719,0.0032456140350877196,0.0032456140350877196,89,,,,,,,,,,,,,,,,,,,,,
0.0032456140350877196,0.0032456140350877196,0.0003245614035087719,0.0003245614035087719,0.0032456140350877196,0.0032456140350877196,89,,,,,,,,,,,,,,,,,,,,,
0.0032456140350877196,0.0032456140350877196,0.0003245614035087719,0.0003245614035087719,0.0032456140350877196,0.0032456140350877196,89,,,,,,,,,,,,,,,,,,,,,
0.0032456140350877196,0.0032456140350877196,0.0003245614035087719,0.0003245614035087719,0.0032456140350877196,0.0032456140350877196,89,,,,,,,,,,,,,,,,,,,,,
0.0032456140350877196,0.0032456140350877196,0.0003245614035087719,0.0003245614035087719,0.0032456140350877196,0.0032456140350877196,89,,,,,,,,,,,,,,,,,,,,,
0.0032456140350877196,0.0032456140350877196,0.0003245614035087719,0.0003245614035087719,0.0032456140350877196,0.0032456140350877196,89,,,,,,,,,,,,,,,,,,,,,
0.0032456140350877196,0.0032456140350877196,0.0003245614035087719,0.0003245614035087719,0.0032456140350877196,0.0032456140350877196,89,,,,,,,,,,,,,,,,,,,,,
0.0032456140350877196,0.0032456140350877196,0.0003245614035087719,0.0003245614035087719,0.0032456140350877196,0.0032456140350877196,89,,,,,,,,,,,,,,,,,,,,,
0.0032456140350877196,0.0032456140350877196,0.0003245614035087719,0.0003245614035087719,0.0032456140350877196,0.0032456140350877196,89,,,,,,,,,,,,,,,,,,,,,
0.0032456140350877196,0.0032456140350877196,0.0003245614035087719,0.0003245614035087719,0.0032456140350877196,0.0032456140350877196,89,,,,,,,,,,,,,,,,,,,,,
0.0032456140350877196,0.0032456140350877196,0.0003245614035087719,0.0003245614035087719,0.0032456140350877196,0.0032456140350877196,89,,,,,,,,,,,,,,,,,,,,,
0.0032456140350877196,0.0032456140350877196,0.0003245614035087719,0.0003245614035087719,0.0032456140350877196,0.0032456140350877196,89,,,,,,,,,,,,,,,,,,,,,
0.0032456140350877196,0.0032456140350877196,0.0003245614035087719,0.0003245614035087719,0.0032456140350877196,0.0032456140350877196,89,,,,,,,,,,,,,,,,,,,,,
0.0032456140350877196,0.0032456140350877196,0.0003245614035087719,0.0003245614035087719,0.0032456140350877196,0.0032456140350877196,89,,,,,,,,,,,,,,,,,,,,,
0.0032456140350877196,0.0032456140350877196,0.0003245614035087719,0.0003245614035087719,0.0032456140350877196,0.0032456140350877196,89,,,,,,,,,,,,,,,,,,,,,
0.0032456140350877196,0.0032456140350877196,0.0003245614035087719,0.0003245614035087719,0.0032456140350877196,0.0032456140350877196,89,,,,,,,,,,,,,,,,,,,,,
0.0032456140350877196,0.0032456140350877196,0.0003245614035087719,0.0003245614035087719,0.0032456140350877196,0.0032456140350877196,89,,,,,,,,,,,,,,,,,,,,,
0.0032456140350877196,0.0032456140350877196,0.0003245614035087719,0.0003245614035087719,0.0032456140350877196,0.0032456140350877196,89,,,,,,,,,,,,,,,,,,,,,
0.0032456140350877196,0.0032456140350877196,0.0003245614035087719,0.0003245614035087719,0.0032456140350877196,0.0032456140350877196,89,,,,,,,,,,,,,,,,,,,,,
0.0032456140350877196,0.0032456140350877196,0.0003245614035087719,0.0003245614035087719,0.0032456140350877196,0.0032456140350877196,89,,,,,,,,,,,,,,,,,,,,,
0.0032456140350877196,0.0032456140350877196,0.0003245614035087719,0.0003245614035087719,0.0032456140350877196,0.0032456140350877196,89,,,,,,,,,,,,,,,,,,,,,
0.0032456140350877196,0.0032456140350877196,0.0003245614035087719,0.0003245614035087719,0.0032456140350877196,0.0032456140350877196,89,,,,,,,,,,,,,,,,,,,,,
0.0032456140350877196,0.0032456140350877196,0.0003245614035087719,0.0003245614035087719,0.0032456140350877196,0.0032456140350877196,89,,,,,,,,,,,,,,,,,,,,,
0.0032456140350877196,0.0032456140350877196,0.0003245614035087719,0.0003245614035087719,0.0032456140350877196,0.0032456140350877196,89,,,,,,,,,,,,,,,,,,,,,
0.0032456140350877196,0.0032456140350877196,0.0003245614035087719,0.0003245614035087719,0.0032456140350877196,0.0032456140350877196,89,,,,,,,,,,,,,,,,,,,,,
0.0032456140350877196,0.0032456140350877196,0.0003245614035087719,0.0003245614035087719,0.0032456140350877196,0.0032456140350877196,89,,,,,,,,,,,,,,,,,,,,,
0.0032456140350877196,0.0032456140350877196,0.0003245614035087719,0.0003245614035087719,0.0032456140350877196,0.0032456140350877196,89,,,,,,,,,,,,,,,,,,,,,
0.0032456140350877196,0.0032456140350877196,0.0003245614035087719,0.0003245614035087719,0.0032456140350877196,0.0032456140350877196,89,,,,,,,,,,,,,,,,,,,,,
0.0032456140350877196,0.0032456140350877196,0.0003245614035087719,0.0003245614035087719,0.0032456140350877196,0.0032456140350877196,89,,,,,,,,,,,,,,,,,,,,,
0.0032456140350877196,0.0032456140350877196,0.0003245614035087719,0.0003245614035087719,0.0032456140350877196,0.0032456140350877196,89,,,,,,,,,,,,,,,,,,,,,
0.0032456140350877196,0.0032456140350877196,0.0003245614035087719,0.0003245614035087719,0.0032456140350877196,0.0032456140350877196,89,,,,,,,,,,,,,,,,,,,,,
0.0032456140350877196,0.0032456140350877196,0.0003245614035087719,0.0003245614035087719,0.0032456140350877196,0.0032456140350877196,89,,,,,,,,,,,,,,,,,,,,,
0.0032456140350877196,0.0032456140350877196,0.0003245614035087719,0.0003245614035087719,0.0032456140350877196,0.0032456140350877196,89,,,,,,,,,,,,,,,,,,,,,
0.0032456140350877196,0.0032456140350877196,0.0003245614035087719,0.0003245614035087719,0.0032456140350877196,0.0032456140350877196,89,,,,,,,,,,,,,,,,,,,,,
0.0032456140350877196,0.0032456140350877196,0.0003245614035087719,0.0003245614035087719,0.0032456140350877196,0.0032456140350877196,89,,,,,,,,,,,,,,,,,,,,,
0.0032456140350877196,0.0032456140350877196,0.0003245614035087719,0.0003245614035087719,0.0032456140350877196,0.0032456140350877196,89,,,,,,,,,,,,,,,,,,,,,
0.0032456140350877196,0.0032456140350877196,0.0003245614035087719,0.0003245614035087719,0.0032456140350877196,0.0032456140350877196,89,,,,,,,,,,,,,,,,,,,,,
0.0032456140350877196,0.0032456140350877196,0.0003245614035087719,0.0003245614035087719,0.0032456140350877196,0.0032456140350877196,89,,,,,,,,,,,,,,,,,,,,,
0.0032456140350877196,0.0032456140350877196,0.0003245614035087719,0.0003245614035087719,0.0032456140350877196,0.0032456140350877196,89,,,,,,,,,,,,,,,,,,,,,
0.0032456140350877196,0.0032456140350877196,0.0003245614035087719,0.0003245614035087719,0.0032456140350877196,0.0032456140350877196,89,,,,,,,,,,,,,,,,,,,,,
0.0032456140350877196,0.0032456140350877196,0.0003245614035087719,0.0003245614035087719,0.0032456140350877196,0.0032456140350877196,89,,,,,,,,,,,,,,,,,,,,,
0.0032456140350877196,0.0032456140350877196,0.0003245614035087719,0.0003245614035087719,0.0032456140350877196,0.0032456140350877196,89,,,,,,,,,,,,,,,,,,,,,
0.0032456140350877196,0.0032456140350877196,0.0003245614035087719,0.0003245614035087719,0.0032456140350877196,0.0032456140350877196,89,,,,,,,,,,,,,,,,,,,,,
0.0032456140350877196,0.0032456140350877196,0.0003245614035087719,0.0003245614035087719,0.0032456140350877196,0.0032456140350877196,89,,,,,,,,,,,,,,,,,,,,,
0.0032456140350877196,0.0032456140350877196,0.0003245614035087719,0.0003245614035087719,0.0032456140350877196,0.0032456140350877196,89,,,,,,,,,,,,,,,,,,,,,
0.0032456140350877196,0.0032456140350877196,0.0003245614035087719,0.0003245614035087719,0.0032456140350877196,0.0032456140350877196,89,,,,,,,,,,,,,,,,,,,,,
0.0032456140350877196,0.0032456140350877196,0.0003245614035087719,0.0003245614035087719,0.0032456140350877196,0.0032456140350877196,89,,,,,,,,,,,,,,,,,,,,,
0.0032456140350877196,0.0032456140350877196,0.0003245614035087719,0.0003245614035087719,0.0032456140350877196,0.0032456140350877196,89,,,,,,,,,,,,,,,,,,,,,
0.0032456140350877196,0.0032456140350877196,0.0003245614035087719,0.0003245614035087719,0.0032456140350877196,0.0032456140350877196,89,,,,,,,,,,,,,,,,,,,,,
0.0032456140350877196,0.0032456140350877196,0.0003245614035087719,0.0003245614035087719,0.0032456140350877196,0.0032456140350877196,89,,,,,,,,,,,,,,,,,,,,,
0.0032456140350877196,0.0032456140350877196,0.0003245614035087719,0.0003245614035087719,0.0032456140350877196,0.0032456140350877196,89,,,,,,,,,,,,,,,,,,,,,
0.0032456140350877196,0.0032456140350877196,0.0003245614035087719,0.0003245614035087719,0.0032456140350877196,0.0032456140350877196,89,,,,,,,,,,,,,,,,,,,,,
0.0032456140350877196,0.0032456140350877196,0.0003245614035087719,0.0003245614035087719,0.0032456140350877196,0.0032456140350877196,89,,,,,,,,,,,,,,,,,,,,,
,,,,,,89,0.0445,0.9347753524780273,0.18320611119270325,0.0,0.354248046875,0.018261389806866646,0.387217253446579,0,,,,,,,,,,,,,
0.0023684210526315787,0.0023684210526315787,0.00023684210526315786,0.00023684210526315786,0.0023684210526315787,0.0023684210526315787,99,,,,,,,,,,,,,,,,,,,,,
0.0023684210526315787,0.0023684210526315787,0.00023684210526315786,0.00023684210526315786,0.0023684210526315787,0.0023684210526315787,99,,,,,,,,,,,,,,,,,,,,,
0.0023684210526315787,0.0023684210526315787,0.00023684210526315786,0.00023684210526315786,0.0023684210526315787,0.0023684210526315787,99,,,,,,,,,,,,,,,,,,,,,
0.0023684210526315787,0.0023684210526315787,0.00023684210526315786,0.00023684210526315786,0.0023684210526315787,0.0023684210526315787,99,,,,,,,,,,,,,,,,,,,,,
0.0023684210526315787,0.0023684210526315787,0.00023684210526315786,0.00023684210526315786,0.0023684210526315787,0.0023684210526315787,99,,,,,,,,,,,,,,,,,,,,,
0.0023684210526315787,0.0023684210526315787,0.00023684210526315786,0.00023684210526315786,0.0023684210526315787,0.0023684210526315787,99,,,,,,,,,,,,,,,,,,,,,
0.0023684210526315787,0.0023684210526315787,0.00023684210526315786,0.00023684210526315786,0.0023684210526315787,0.0023684210526315787,99,,,,,,,,,,,,,,,,,,,,,
0.0023684210526315787,0.0023684210526315787,0.00023684210526315786,0.00023684210526315786,0.0023684210526315787,0.0023684210526315787,99,,,,,,,,,,,,,,,,,,,,,
0.0023684210526315787,0.0023684210526315787,0.00023684210526315786,0.00023684210526315786,0.0023684210526315787,0.0023684210526315787,99,,,,,,,,,,,,,,,,,,,,,
0.0023684210526315787,0.0023684210526315787,0.00023684210526315786,0.00023684210526315786,0.0023684210526315787,0.0023684210526315787,99,,,,,,,,,,,,,,,,,,,,,
0.0023684210526315787,0.0023684210526315787,0.00023684210526315786,0.00023684210526315786,0.0023684210526315787,0.0023684210526315787,99,,,,,,,,,,,,,,,,,,,,,
0.0023684210526315787,0.0023684210526315787,0.00023684210526315786,0.00023684210526315786,0.0023684210526315787,0.0023684210526315787,99,,,,,,,,,,,,,,,,,,,,,
0.0023684210526315787,0.0023684210526315787,0.00023684210526315786,0.00023684210526315786,0.0023684210526315787,0.0023684210526315787,99,,,,,,,,,,,,,,,,,,,,,
0.0023684210526315787,0.0023684210526315787,0.00023684210526315786,0.00023684210526315786,0.0023684210526315787,0.0023684210526315787,99,,,,,,,,,,,,,,,,,,,,,
0.0023684210526315787,0.0023684210526315787,0.00023684210526315786,0.00023684210526315786,0.0023684210526315787,0.0023684210526315787,99,,,,,,,,,,,,,,,,,,,,,
0.0023684210526315787,0.0023684210526315787,0.00023684210526315786,0.00023684210526315786,0.0023684210526315787,0.0023684210526315787,99,,,,,,,,,,,,,,,,,,,,,
0.0023684210526315787,0.0023684210526315787,0.00023684210526315786,0.00023684210526315786,0.0023684210526315787,0.0023684210526315787,99,,,,,,,,,,,,,,,,,,,,,
0.0023684210526315787,0.0023684210526315787,0.00023684210526315786,0.00023684210526315786,0.0023684210526315787,0.0023684210526315787,99,,,,,,,,,,,,,,,,,,,,,
0.0023684210526315787,0.0023684210526315787,0.00023684210526315786,0.00023684210526315786,0.0023684210526315787,0.0023684210526315787,99,,,,,,,,,,,,,,,,,,,,,
0.0023684210526315787,0.0023684210526315787,0.00023684210526315786,0.00023684210526315786,0.0023684210526315787,0.0023684210526315787,99,,,,,,,,,,,,,,,,,,,,,
0.0023684210526315787,0.0023684210526315787,0.00023684210526315786,0.00023684210526315786,0.0023684210526315787,0.0023684210526315787,99,,,,,,,,,,,,,,,,,,,,,
0.0023684210526315787,0.0023684210526315787,0.00023684210526315786,0.00023684210526315786,0.0023684210526315787,0.0023684210526315787,99,,,,,,,,,,,,,,,,,,,,,
0.0023684210526315787,0.0023684210526315787,0.00023684210526315786,0.00023684210526315786,0.0023684210526315787,0.0023684210526315787,99,,,,,,,,,,,,,,,,,,,,,
0.0023684210526315787,0.0023684210526315787,0.00023684210526315786,0.00023684210526315786,0.0023684210526315787,0.0023684210526315787,99,,,,,,,,,,,,,,,,,,,,,
0.0023684210526315787,0.0023684210526315787,0.00023684210526315786,0.00023684210526315786,0.0023684210526315787,0.0023684210526315787,99,,,,,,,,,,,,,,,,,,,,,
0.0023684210526315787,0.0023684210526315787,0.00023684210526315786,0.00023684210526315786,0.0023684210526315787,0.0023684210526315787,99,,,,,,,,,,,,,,,,,,,,,
0.0023684210526315787,0.0023684210526315787,0.00023684210526315786,0.00023684210526315786,0.0023684210526315787,0.0023684210526315787,99,,,,,,,,,,,,,,,,,,,,,
0.0023684210526315787,0.0023684210526315787,0.00023684210526315786,0.00023684210526315786,0.0023684210526315787,0.0023684210526315787,99,,,,,,,,,,,,,,,,,,,,,
0.0023684210526315787,0.0023684210526315787,0.00023684210526315786,0.00023684210526315786,0.0023684210526315787,0.0023684210526315787,99,,,,,,,,,,,,,,,,,,,,,
0.0023684210526315787,0.0023684210526315787,0.00023684210526315786,0.00023684210526315786,0.0023684210526315787,0.0023684210526315787,99,,,,,,,,,,,,,,,,,,,,,
0.0023684210526315787,0.0023684210526315787,0.00023684210526315786,0.00023684210526315786,0.0023684210526315787,0.0023684210526315787,99,,,,,,,,,,,,,,,,,,,,,
0.0023684210526315787,0.0023684210526315787,0.00023684210526315786,0.00023684210526315786,0.0023684210526315787,0.0023684210526315787,99,,,,,,,,,,,,,,,,,,,,,
0.0023684210526315787,0.0023684210526315787,0.00023684210526315786,0.00023684210526315786,0.0023684210526315787,0.0023684210526315787,99,,,,,,,,,,,,,,,,,,,,,
0.0023684210526315787,0.0023684210526315787,0.00023684210526315786,0.00023684210526315786,0.0023684210526315787,0.0023684210526315787,99,,,,,,,,,,,,,,,,,,,,,
0.0023684210526315787,0.0023684210526315787,0.00023684210526315786,0.00023684210526315786,0.0023684210526315787,0.0023684210526315787,99,,,,,,,,,,,,,,,,,,,,,
0.0023684210526315787,0.0023684210526315787,0.00023684210526315786,0.00023684210526315786,0.0023684210526315787,0.0023684210526315787,99,,,,,,,,,,,,,,,,,,,,,
0.0023684210526315787,0.0023684210526315787,0.00023684210526315786,0.00023684210526315786,0.0023684210526315787,0.0023684210526315787,99,,,,,,,,,,,,,,,,,,,,,
0.0023684210526315787,0.0023684210526315787,0.00023684210526315786,0.00023684210526315786,0.0023684210526315787,0.0023684210526315787,99,,,,,,,,,,,,,,,,,,,,,
0.0023684210526315787,0.0023684210526315787,0.00023684210526315786,0.00023684210526315786,0.0023684210526315787,0.0023684210526315787,99,,,,,,,,,,,,,,,,,,,,,
0.0023684210526315787,0.0023684210526315787,0.00023684210526315786,0.00023684210526315786,0.0023684210526315787,0.0023684210526315787,99,,,,,,,,,,,,,,,,,,,,,
0.0023684210526315787,0.0023684210526315787,0.00023684210526315786,0.00023684210526315786,0.0023684210526315787,0.0023684210526315787,99,,,,,,,,,,,,,,,,,,,,,
0.0023684210526315787,0.0023684210526315787,0.00023684210526315786,0.00023684210526315786,0.0023684210526315787,0.0023684210526315787,99,,,,,,,,,,,,,,,,,,,,,
0.0023684210526315787,0.0023684210526315787,0.00023684210526315786,0.00023684210526315786,0.0023684210526315787,0.0023684210526315787,99,,,,,,,,,,,,,,,,,,,,,
0.0023684210526315787,0.0023684210526315787,0.00023684210526315786,0.00023684210526315786,0.0023684210526315787,0.0023684210526315787,99,,,,,,,,,,,,,,,,,,,,,
0.0023684210526315787,0.0023684210526315787,0.00023684210526315786,0.00023684210526315786,0.0023684210526315787,0.0023684210526315787,99,,,,,,,,,,,,,,,,,,,,,
0.0023684210526315787,0.0023684210526315787,0.00023684210526315786,0.00023684210526315786,0.0023684210526315787,0.0023684210526315787,99,,,,,,,,,,,,,,,,,,,,,
0.0023684210526315787,0.0023684210526315787,0.00023684210526315786,0.00023684210526315786,0.0023684210526315787,0.0023684210526315787,99,,,,,,,,,,,,,,,,,,,,,
0.0023684210526315787,0.0023684210526315787,0.00023684210526315786,0.00023684210526315786,0.0023684210526315787,0.0023684210526315787,99,,,,,,,,,,,,,,,,,,,,,
0.0023684210526315787,0.0023684210526315787,0.00023684210526315786,0.00023684210526315786,0.0023684210526315787,0.0023684210526315787,99,,,,,,,,,,,,,,,,,,,,,
0.0023684210526315787,0.0023684210526315787,0.00023684210526315786,0.00023684210526315786,0.0023684210526315787,0.0023684210526315787,99,,,,,,,,,,,,,,,,,,,,,
0.0023684210526315787,0.0023684210526315787,0.00023684210526315786,0.00023684210526315786,0.0023684210526315787,0.0023684210526315787,99,,,,,,,,,,,,,,,,,,,,,
0.0023684210526315787,0.0023684210526315787,0.00023684210526315786,0.00023684210526315786,0.0023684210526315787,0.0023684210526315787,99,,,,,,,,,,,,,,,,,,,,,
0.0023684210526315787,0.0023684210526315787,0.00023684210526315786,0.00023684210526315786,0.0023684210526315787,0.0023684210526315787,99,,,,,,,,,,,,,,,,,,,,,
0.0023684210526315787,0.0023684210526315787,0.00023684210526315786,0.00023684210526315786,0.0023684210526315787,0.0023684210526315787,99,,,,,,,,,,,,,,,,,,,,,
0.0023684210526315787,0.0023684210526315787,0.00023684210526315786,0.00023684210526315786,0.0023684210526315787,0.0023684210526315787,99,,,,,,,,,,,,,,,,,,,,,
0.0023684210526315787,0.0023684210526315787,0.00023684210526315786,0.00023684210526315786,0.0023684210526315787,0.0023684210526315787,99,,,,,,,,,,,,,,,,,,,,,
0.0023684210526315787,0.0023684210526315787,0.00023684210526315786,0.00023684210526315786,0.0023684210526315787,0.0023684210526315787,99,,,,,,,,,,,,,,,,,,,,,
0.0023684210526315787,0.0023684210526315787,0.00023684210526315786,0.00023684210526315786,0.0023684210526315787,0.0023684210526315787,99,,,,,,,,,,,,,,,,,,,,,
0.0023684210526315787,0.0023684210526315787,0.00023684210526315786,0.00023684210526315786,0.0023684210526315787,0.0023684210526315787,99,,,,,,,,,,,,,,,,,,,,,
0.0023684210526315787,0.0023684210526315787,0.00023684210526315786,0.00023684210526315786,0.0023684210526315787,0.0023684210526315787,99,,,,,,,,,,,,,,,,,,,,,
0.0023684210526315787,0.0023684210526315787,0.00023684210526315786,0.00023684210526315786,0.0023684210526315787,0.0023684210526315787,99,,,,,,,,,,,,,,,,,,,,,
0.0023684210526315787,0.0023684210526315787,0.00023684210526315786,0.00023684210526315786,0.0023684210526315787,0.0023684210526315787,99,,,,,,,,,,,,,,,,,,,,,
0.0023684210526315787,0.0023684210526315787,0.00023684210526315786,0.00023684210526315786,0.0023684210526315787,0.0023684210526315787,99,,,,,,,,,,,,,,,,,,,,,
0.0023684210526315787,0.0023684210526315787,0.00023684210526315786,0.00023684210526315786,0.0023684210526315787,0.0023684210526315787,99,,,,,,,,,,,,,,,,,,,,,
,,,,,,99,0.0495,0.3384442925453186,0.16725093126296997,2.9802322387695312e-08,0.354248046875,0.021678665652871132,0.2738185226917267,0,,,,,,,,,,,,,
0.0014912280701754389,0.0014912280701754389,0.00014912280701754387,0.00014912280701754387,0.0014912280701754389,0.0014912280701754389,109,,,,,,,,,,,,,,,,,,,,,
0.0014912280701754389,0.0014912280701754389,0.00014912280701754387,0.00014912280701754387,0.0014912280701754389,0.0014912280701754389,109,,,,,,,,,,,,,,,,,,,,,
0.0014912280701754389,0.0014912280701754389,0.00014912280701754387,0.00014912280701754387,0.0014912280701754389,0.0014912280701754389,109,,,,,,,,,,,,,,,,,,,,,
0.0014912280701754389,0.0014912280701754389,0.00014912280701754387,0.00014912280701754387,0.0014912280701754389,0.0014912280701754389,109,,,,,,,,,,,,,,,,,,,,,
0.0014912280701754389,0.0014912280701754389,0.00014912280701754387,0.00014912280701754387,0.0014912280701754389,0.0014912280701754389,109,,,,,,,,,,,,,,,,,,,,,
0.0014912280701754389,0.0014912280701754389,0.00014912280701754387,0.00014912280701754387,0.0014912280701754389,0.0014912280701754389,109,,,,,,,,,,,,,,,,,,,,,
0.0014912280701754389,0.0014912280701754389,0.00014912280701754387,0.00014912280701754387,0.0014912280701754389,0.0014912280701754389,109,,,,,,,,,,,,,,,,,,,,,
0.0014912280701754389,0.0014912280701754389,0.00014912280701754387,0.00014912280701754387,0.0014912280701754389,0.0014912280701754389,109,,,,,,,,,,,,,,,,,,,,,
0.0014912280701754389,0.0014912280701754389,0.00014912280701754387,0.00014912280701754387,0.0014912280701754389,0.0014912280701754389,109,,,,,,,,,,,,,,,,,,,,,
0.0014912280701754389,0.0014912280701754389,0.00014912280701754387,0.00014912280701754387,0.0014912280701754389,0.0014912280701754389,109,,,,,,,,,,,,,,,,,,,,,
0.0014912280701754389,0.0014912280701754389,0.00014912280701754387,0.00014912280701754387,0.0014912280701754389,0.0014912280701754389,109,,,,,,,,,,,,,,,,,,,,,
0.0014912280701754389,0.0014912280701754389,0.00014912280701754387,0.00014912280701754387,0.0014912280701754389,0.0014912280701754389,109,,,,,,,,,,,,,,,,,,,,,
0.0014912280701754389,0.0014912280701754389,0.00014912280701754387,0.00014912280701754387,0.0014912280701754389,0.0014912280701754389,109,,,,,,,,,,,,,,,,,,,,,
0.0014912280701754389,0.0014912280701754389,0.00014912280701754387,0.00014912280701754387,0.0014912280701754389,0.0014912280701754389,109,,,,,,,,,,,,,,,,,,,,,
0.0014912280701754389,0.0014912280701754389,0.00014912280701754387,0.00014912280701754387,0.0014912280701754389,0.0014912280701754389,109,,,,,,,,,,,,,,,,,,,,,
0.0014912280701754389,0.0014912280701754389,0.00014912280701754387,0.00014912280701754387,0.0014912280701754389,0.0014912280701754389,109,,,,,,,,,,,,,,,,,,,,,
0.0014912280701754389,0.0014912280701754389,0.00014912280701754387,0.00014912280701754387,0.0014912280701754389,0.0014912280701754389,109,,,,,,,,,,,,,,,,,,,,,
0.0014912280701754389,0.0014912280701754389,0.00014912280701754387,0.00014912280701754387,0.0014912280701754389,0.0014912280701754389,109,,,,,,,,,,,,,,,,,,,,,
0.0014912280701754389,0.0014912280701754389,0.00014912280701754387,0.00014912280701754387,0.0014912280701754389,0.0014912280701754389,109,,,,,,,,,,,,,,,,,,,,,
0.0014912280701754389,0.0014912280701754389,0.00014912280701754387,0.00014912280701754387,0.0014912280701754389,0.0014912280701754389,109,,,,,,,,,,,,,,,,,,,,,
0.0014912280701754389,0.0014912280701754389,0.00014912280701754387,0.00014912280701754387,0.0014912280701754389,0.0014912280701754389,109,,,,,,,,,,,,,,,,,,,,,
0.0014912280701754389,0.0014912280701754389,0.00014912280701754387,0.00014912280701754387,0.0014912280701754389,0.0014912280701754389,109,,,,,,,,,,,,,,,,,,,,,
0.0014912280701754389,0.0014912280701754389,0.00014912280701754387,0.00014912280701754387,0.0014912280701754389,0.0014912280701754389,109,,,,,,,,,,,,,,,,,,,,,
0.0014912280701754389,0.0014912280701754389,0.00014912280701754387,0.00014912280701754387,0.0014912280701754389,0.0014912280701754389,109,,,,,,,,,,,,,,,,,,,,,
0.0014912280701754389,0.0014912280701754389,0.00014912280701754387,0.00014912280701754387,0.0014912280701754389,0.0014912280701754389,109,,,,,,,,,,,,,,,,,,,,,
0.0014912280701754389,0.0014912280701754389,0.00014912280701754387,0.00014912280701754387,0.0014912280701754389,0.0014912280701754389,109,,,,,,,,,,,,,,,,,,,,,
0.0014912280701754389,0.0014912280701754389,0.00014912280701754387,0.00014912280701754387,0.0014912280701754389,0.0014912280701754389,109,,,,,,,,,,,,,,,,,,,,,
0.0014912280701754389,0.0014912280701754389,0.00014912280701754387,0.00014912280701754387,0.0014912280701754389,0.0014912280701754389,109,,,,,,,,,,,,,,,,,,,,,
0.0014912280701754389,0.0014912280701754389,0.00014912280701754387,0.00014912280701754387,0.0014912280701754389,0.0014912280701754389,109,,,,,,,,,,,,,,,,,,,,,
0.0014912280701754389,0.0014912280701754389,0.00014912280701754387,0.00014912280701754387,0.0014912280701754389,0.0014912280701754389,109,,,,,,,,,,,,,,,,,,,,,
0.0014912280701754389,0.0014912280701754389,0.00014912280701754387,0.00014912280701754387,0.0014912280701754389,0.0014912280701754389,109,,,,,,,,,,,,,,,,,,,,,
0.0014912280701754389,0.0014912280701754389,0.00014912280701754387,0.00014912280701754387,0.0014912280701754389,0.0014912280701754389,109,,,,,,,,,,,,,,,,,,,,,
0.0014912280701754389,0.0014912280701754389,0.00014912280701754387,0.00014912280701754387,0.0014912280701754389,0.0014912280701754389,109,,,,,,,,,,,,,,,,,,,,,
0.0014912280701754389,0.0014912280701754389,0.00014912280701754387,0.00014912280701754387,0.0014912280701754389,0.0014912280701754389,109,,,,,,,,,,,,,,,,,,,,,
0.0014912280701754389,0.0014912280701754389,0.00014912280701754387,0.00014912280701754387,0.0014912280701754389,0.0014912280701754389,109,,,,,,,,,,,,,,,,,,,,,
0.0014912280701754389,0.0014912280701754389,0.00014912280701754387,0.00014912280701754387,0.0014912280701754389,0.0014912280701754389,109,,,,,,,,,,,,,,,,,,,,,
0.0014912280701754389,0.0014912280701754389,0.00014912280701754387,0.00014912280701754387,0.0014912280701754389,0.0014912280701754389,109,,,,,,,,,,,,,,,,,,,,,
0.0014912280701754389,0.0014912280701754389,0.00014912280701754387,0.00014912280701754387,0.0014912280701754389,0.0014912280701754389,109,,,,,,,,,,,,,,,,,,,,,
0.0014912280701754389,0.0014912280701754389,0.00014912280701754387,0.00014912280701754387,0.0014912280701754389,0.0014912280701754389,109,,,,,,,,,,,,,,,,,,,,,
0.0014912280701754389,0.0014912280701754389,0.00014912280701754387,0.00014912280701754387,0.0014912280701754389,0.0014912280701754389,109,,,,,,,,,,,,,,,,,,,,,
0.0014912280701754389,0.0014912280701754389,0.00014912280701754387,0.00014912280701754387,0.0014912280701754389,0.0014912280701754389,109,,,,,,,,,,,,,,,,,,,,,
0.0014912280701754389,0.0014912280701754389,0.00014912280701754387,0.00014912280701754387,0.0014912280701754389,0.0014912280701754389,109,,,,,,,,,,,,,,,,,,,,,
0.0014912280701754389,0.0014912280701754389,0.00014912280701754387,0.00014912280701754387,0.0014912280701754389,0.0014912280701754389,109,,,,,,,,,,,,,,,,,,,,,
0.0014912280701754389,0.0014912280701754389,0.00014912280701754387,0.00014912280701754387,0.0014912280701754389,0.0014912280701754389,109,,,,,,,,,,,,,,,,,,,,,
0.0014912280701754389,0.0014912280701754389,0.00014912280701754387,0.00014912280701754387,0.0014912280701754389,0.0014912280701754389,109,,,,,,,,,,,,,,,,,,,,,
0.0014912280701754389,0.0014912280701754389,0.00014912280701754387,0.00014912280701754387,0.0014912280701754389,0.0014912280701754389,109,,,,,,,,,,,,,,,,,,,,,
0.0014912280701754389,0.0014912280701754389,0.00014912280701754387,0.00014912280701754387,0.0014912280701754389,0.0014912280701754389,109,,,,,,,,,,,,,,,,,,,,,
0.0014912280701754389,0.0014912280701754389,0.00014912280701754387,0.00014912280701754387,0.0014912280701754389,0.0014912280701754389,109,,,,,,,,,,,,,,,,,,,,,
0.0014912280701754389,0.0014912280701754389,0.00014912280701754387,0.00014912280701754387,0.0014912280701754389,0.0014912280701754389,109,,,,,,,,,,,,,,,,,,,,,
0.0014912280701754389,0.0014912280701754389,0.00014912280701754387,0.00014912280701754387,0.0014912280701754389,0.0014912280701754389,109,,,,,,,,,,,,,,,,,,,,,
0.0014912280701754389,0.0014912280701754389,0.00014912280701754387,0.00014912280701754387,0.0014912280701754389,0.0014912280701754389,109,,,,,,,,,,,,,,,,,,,,,
0.0014912280701754389,0.0014912280701754389,0.00014912280701754387,0.00014912280701754387,0.0014912280701754389,0.0014912280701754389,109,,,,,,,,,,,,,,,,,,,,,
0.0014912280701754389,0.0014912280701754389,0.00014912280701754387,0.00014912280701754387,0.0014912280701754389,0.0014912280701754389,109,,,,,,,,,,,,,,,,,,,,,
0.0014912280701754389,0.0014912280701754389,0.00014912280701754387,0.00014912280701754387,0.0014912280701754389,0.0014912280701754389,109,,,,,,,,,,,,,,,,,,,,,
0.0014912280701754389,0.0014912280701754389,0.00014912280701754387,0.00014912280701754387,0.0014912280701754389,0.0014912280701754389,109,,,,,,,,,,,,,,,,,,,,,
0.0014912280701754389,0.0014912280701754389,0.00014912280701754387,0.00014912280701754387,0.0014912280701754389,0.0014912280701754389,109,,,,,,,,,,,,,,,,,,,,,
0.0014912280701754389,0.0014912280701754389,0.00014912280701754387,0.00014912280701754387,0.0014912280701754389,0.0014912280701754389,109,,,,,,,,,,,,,,,,,,,,,
0.0014912280701754389,0.0014912280701754389,0.00014912280701754387,0.00014912280701754387,0.0014912280701754389,0.0014912280701754389,109,,,,,,,,,,,,,,,,,,,,,
0.0014912280701754389,0.0014912280701754389,0.00014912280701754387,0.00014912280701754387,0.0014912280701754389,0.0014912280701754389,109,,,,,,,,,,,,,,,,,,,,,
0.0014912280701754389,0.0014912280701754389,0.00014912280701754387,0.00014912280701754387,0.0014912280701754389,0.0014912280701754389,109,,,,,,,,,,,,,,,,,,,,,
0.0014912280701754389,0.0014912280701754389,0.00014912280701754387,0.00014912280701754387,0.0014912280701754389,0.0014912280701754389,109,,,,,,,,,,,,,,,,,,,,,
0.0014912280701754389,0.0014912280701754389,0.00014912280701754387,0.00014912280701754387,0.0014912280701754389,0.0014912280701754389,109,,,,,,,,,,,,,,,,,,,,,
0.0014912280701754389,0.0014912280701754389,0.00014912280701754387,0.00014912280701754387,0.0014912280701754389,0.0014912280701754389,109,,,,,,,,,,,,,,,,,,,,,
0.0014912280701754389,0.0014912280701754389,0.00014912280701754387,0.00014912280701754387,0.0014912280701754389,0.0014912280701754389,109,,,,,,,,,,,,,,,,,,,,,
,,,,,,109,0.0545,0.12180013209581375,0.17496785521507263,1.7881393432617188e-07,0.35888671875,0.015767650678753853,0.19027511775493622,0,,,,,,,,,,,,,
0.0006140350877192979,0.0006140350877192979,6.14035087719298e-05,6.14035087719298e-05,0.0006140350877192979,0.0006140350877192979,119,,,,,,,,,,,,,,,,,,,,,
0.0006140350877192979,0.0006140350877192979,6.14035087719298e-05,6.14035087719298e-05,0.0006140350877192979,0.0006140350877192979,119,,,,,,,,,,,,,,,,,,,,,
0.0006140350877192979,0.0006140350877192979,6.14035087719298e-05,6.14035087719298e-05,0.0006140350877192979,0.0006140350877192979,119,,,,,,,,,,,,,,,,,,,,,
0.0006140350877192979,0.0006140350877192979,6.14035087719298e-05,6.14035087719298e-05,0.0006140350877192979,0.0006140350877192979,119,,,,,,,,,,,,,,,,,,,,,
0.0006140350877192979,0.0006140350877192979,6.14035087719298e-05,6.14035087719298e-05,0.0006140350877192979,0.0006140350877192979,119,,,,,,,,,,,,,,,,,,,,,
0.0006140350877192979,0.0006140350877192979,6.14035087719298e-05,6.14035087719298e-05,0.0006140350877192979,0.0006140350877192979,119,,,,,,,,,,,,,,,,,,,,,
0.0006140350877192979,0.0006140350877192979,6.14035087719298e-05,6.14035087719298e-05,0.0006140350877192979,0.0006140350877192979,119,,,,,,,,,,,,,,,,,,,,,
0.0006140350877192979,0.0006140350877192979,6.14035087719298e-05,6.14035087719298e-05,0.0006140350877192979,0.0006140350877192979,119,,,,,,,,,,,,,,,,,,,,,
0.0006140350877192979,0.0006140350877192979,6.14035087719298e-05,6.14035087719298e-05,0.0006140350877192979,0.0006140350877192979,119,,,,,,,,,,,,,,,,,,,,,
0.0006140350877192979,0.0006140350877192979,6.14035087719298e-05,6.14035087719298e-05,0.0006140350877192979,0.0006140350877192979,119,,,,,,,,,,,,,,,,,,,,,
0.0006140350877192979,0.0006140350877192979,6.14035087719298e-05,6.14035087719298e-05,0.0006140350877192979,0.0006140350877192979,119,,,,,,,,,,,,,,,,,,,,,
0.0006140350877192979,0.0006140350877192979,6.14035087719298e-05,6.14035087719298e-05,0.0006140350877192979,0.0006140350877192979,119,,,,,,,,,,,,,,,,,,,,,
0.0006140350877192979,0.0006140350877192979,6.14035087719298e-05,6.14035087719298e-05,0.0006140350877192979,0.0006140350877192979,119,,,,,,,,,,,,,,,,,,,,,
0.0006140350877192979,0.0006140350877192979,6.14035087719298e-05,6.14035087719298e-05,0.0006140350877192979,0.0006140350877192979,119,,,,,,,,,,,,,,,,,,,,,
0.0006140350877192979,0.0006140350877192979,6.14035087719298e-05,6.14035087719298e-05,0.0006140350877192979,0.0006140350877192979,119,,,,,,,,,,,,,,,,,,,,,
0.0006140350877192979,0.0006140350877192979,6.14035087719298e-05,6.14035087719298e-05,0.0006140350877192979,0.0006140350877192979,119,,,,,,,,,,,,,,,,,,,,,
0.0006140350877192979,0.0006140350877192979,6.14035087719298e-05,6.14035087719298e-05,0.0006140350877192979,0.0006140350877192979,119,,,,,,,,,,,,,,,,,,,,,
0.0006140350877192979,0.0006140350877192979,6.14035087719298e-05,6.14035087719298e-05,0.0006140350877192979,0.0006140350877192979,119,,,,,,,,,,,,,,,,,,,,,
0.0006140350877192979,0.0006140350877192979,6.14035087719298e-05,6.14035087719298e-05,0.0006140350877192979,0.0006140350877192979,119,,,,,,,,,,,,,,,,,,,,,
0.0006140350877192979,0.0006140350877192979,6.14035087719298e-05,6.14035087719298e-05,0.0006140350877192979,0.0006140350877192979,119,,,,,,,,,,,,,,,,,,,,,
0.0006140350877192979,0.0006140350877192979,6.14035087719298e-05,6.14035087719298e-05,0.0006140350877192979,0.0006140350877192979,119,,,,,,,,,,,,,,,,,,,,,
0.0006140350877192979,0.0006140350877192979,6.14035087719298e-05,6.14035087719298e-05,0.0006140350877192979,0.0006140350877192979,119,,,,,,,,,,,,,,,,,,,,,
0.0006140350877192979,0.0006140350877192979,6.14035087719298e-05,6.14035087719298e-05,0.0006140350877192979,0.0006140350877192979,119,,,,,,,,,,,,,,,,,,,,,
0.0006140350877192979,0.0006140350877192979,6.14035087719298e-05,6.14035087719298e-05,0.0006140350877192979,0.0006140350877192979,119,,,,,,,,,,,,,,,,,,,,,
0.0006140350877192979,0.0006140350877192979,6.14035087719298e-05,6.14035087719298e-05,0.0006140350877192979,0.0006140350877192979,119,,,,,,,,,,,,,,,,,,,,,
0.0006140350877192979,0.0006140350877192979,6.14035087719298e-05,6.14035087719298e-05,0.0006140350877192979,0.0006140350877192979,119,,,,,,,,,,,,,,,,,,,,,
0.0006140350877192979,0.0006140350877192979,6.14035087719298e-05,6.14035087719298e-05,0.0006140350877192979,0.0006140350877192979,119,,,,,,,,,,,,,,,,,,,,,
0.0006140350877192979,0.0006140350877192979,6.14035087719298e-05,6.14035087719298e-05,0.0006140350877192979,0.0006140350877192979,119,,,,,,,,,,,,,,,,,,,,,
0.0006140350877192979,0.0006140350877192979,6.14035087719298e-05,6.14035087719298e-05,0.0006140350877192979,0.0006140350877192979,119,,,,,,,,,,,,,,,,,,,,,
0.0006140350877192979,0.0006140350877192979,6.14035087719298e-05,6.14035087719298e-05,0.0006140350877192979,0.0006140350877192979,119,,,,,,,,,,,,,,,,,,,,,
0.0006140350877192979,0.0006140350877192979,6.14035087719298e-05,6.14035087719298e-05,0.0006140350877192979,0.0006140350877192979,119,,,,,,,,,,,,,,,,,,,,,
0.0006140350877192979,0.0006140350877192979,6.14035087719298e-05,6.14035087719298e-05,0.0006140350877192979,0.0006140350877192979,119,,,,,,,,,,,,,,,,,,,,,
0.0006140350877192979,0.0006140350877192979,6.14035087719298e-05,6.14035087719298e-05,0.0006140350877192979,0.0006140350877192979,119,,,,,,,,,,,,,,,,,,,,,
0.0006140350877192979,0.0006140350877192979,6.14035087719298e-05,6.14035087719298e-05,0.0006140350877192979,0.0006140350877192979,119,,,,,,,,,,,,,,,,,,,,,
0.0006140350877192979,0.0006140350877192979,6.14035087719298e-05,6.14035087719298e-05,0.0006140350877192979,0.0006140350877192979,119,,,,,,,,,,,,,,,,,,,,,
0.0006140350877192979,0.0006140350877192979,6.14035087719298e-05,6.14035087719298e-05,0.0006140350877192979,0.0006140350877192979,119,,,,,,,,,,,,,,,,,,,,,
0.0006140350877192979,0.0006140350877192979,6.14035087719298e-05,6.14035087719298e-05,0.0006140350877192979,0.0006140350877192979,119,,,,,,,,,,,,,,,,,,,,,
0.0006140350877192979,0.0006140350877192979,6.14035087719298e-05,6.14035087719298e-05,0.0006140350877192979,0.0006140350877192979,119,,,,,,,,,,,,,,,,,,,,,
0.0006140350877192979,0.0006140350877192979,6.14035087719298e-05,6.14035087719298e-05,0.0006140350877192979,0.0006140350877192979,119,,,,,,,,,,,,,,,,,,,,,
0.0006140350877192979,0.0006140350877192979,6.14035087719298e-05,6.14035087719298e-05,0.0006140350877192979,0.0006140350877192979,119,,,,,,,,,,,,,,,,,,,,,
0.0006140350877192979,0.0006140350877192979,6.14035087719298e-05,6.14035087719298e-05,0.0006140350877192979,0.0006140350877192979,119,,,,,,,,,,,,,,,,,,,,,
0.0006140350877192979,0.0006140350877192979,6.14035087719298e-05,6.14035087719298e-05,0.0006140350877192979,0.0006140350877192979,119,,,,,,,,,,,,,,,,,,,,,
0.0006140350877192979,0.0006140350877192979,6.14035087719298e-05,6.14035087719298e-05,0.0006140350877192979,0.0006140350877192979,119,,,,,,,,,,,,,,,,,,,,,
0.0006140350877192979,0.0006140350877192979,6.14035087719298e-05,6.14035087719298e-05,0.0006140350877192979,0.0006140350877192979,119,,,,,,,,,,,,,,,,,,,,,
0.0006140350877192979,0.0006140350877192979,6.14035087719298e-05,6.14035087719298e-05,0.0006140350877192979,0.0006140350877192979,119,,,,,,,,,,,,,,,,,,,,,
0.0006140350877192979,0.0006140350877192979,6.14035087719298e-05,6.14035087719298e-05,0.0006140350877192979,0.0006140350877192979,119,,,,,,,,,,,,,,,,,,,,,
0.0006140350877192979,0.0006140350877192979,6.14035087719298e-05,6.14035087719298e-05,0.0006140350877192979,0.0006140350877192979,119,,,,,,,,,,,,,,,,,,,,,
0.0006140350877192979,0.0006140350877192979,6.14035087719298e-05,6.14035087719298e-05,0.0006140350877192979,0.0006140350877192979,119,,,,,,,,,,,,,,,,,,,,,
0.0006140350877192979,0.0006140350877192979,6.14035087719298e-05,6.14035087719298e-05,0.0006140350877192979,0.0006140350877192979,119,,,,,,,,,,,,,,,,,,,,,
0.0006140350877192979,0.0006140350877192979,6.14035087719298e-05,6.14035087719298e-05,0.0006140350877192979,0.0006140350877192979,119,,,,,,,,,,,,,,,,,,,,,
0.0006140350877192979,0.0006140350877192979,6.14035087719298e-05,6.14035087719298e-05,0.0006140350877192979,0.0006140350877192979,119,,,,,,,,,,,,,,,,,,,,,
0.0006140350877192979,0.0006140350877192979,6.14035087719298e-05,6.14035087719298e-05,0.0006140350877192979,0.0006140350877192979,119,,,,,,,,,,,,,,,,,,,,,
0.0006140350877192979,0.0006140350877192979,6.14035087719298e-05,6.14035087719298e-05,0.0006140350877192979,0.0006140350877192979,119,,,,,,,,,,,,,,,,,,,,,
0.0006140350877192979,0.0006140350877192979,6.14035087719298e-05,6.14035087719298e-05,0.0006140350877192979,0.0006140350877192979,119,,,,,,,,,,,,,,,,,,,,,
0.0006140350877192979,0.0006140350877192979,6.14035087719298e-05,6.14035087719298e-05,0.0006140350877192979,0.0006140350877192979,119,,,,,,,,,,,,,,,,,,,,,
0.0006140350877192979,0.0006140350877192979,6.14035087719298e-05,6.14035087719298e-05,0.0006140350877192979,0.0006140350877192979,119,,,,,,,,,,,,,,,,,,,,,
0.0006140350877192979,0.0006140350877192979,6.14035087719298e-05,6.14035087719298e-05,0.0006140350877192979,0.0006140350877192979,119,,,,,,,,,,,,,,,,,,,,,
0.0006140350877192979,0.0006140350877192979,6.14035087719298e-05,6.14035087719298e-05,0.0006140350877192979,0.0006140350877192979,119,,,,,,,,,,,,,,,,,,,,,
0.0006140350877192979,0.0006140350877192979,6.14035087719298e-05,6.14035087719298e-05,0.0006140350877192979,0.0006140350877192979,119,,,,,,,,,,,,,,,,,,,,,
0.0006140350877192979,0.0006140350877192979,6.14035087719298e-05,6.14035087719298e-05,0.0006140350877192979,0.0006140350877192979,119,,,,,,,,,,,,,,,,,,,,,
0.0006140350877192979,0.0006140350877192979,6.14035087719298e-05,6.14035087719298e-05,0.0006140350877192979,0.0006140350877192979,119,,,,,,,,,,,,,,,,,,,,,
0.0006140350877192979,0.0006140350877192979,6.14035087719298e-05,6.14035087719298e-05,0.0006140350877192979,0.0006140350877192979,119,,,,,,,,,,,,,,,,,,,,,
0.0006140350877192979,0.0006140350877192979,6.14035087719298e-05,6.14035087719298e-05,0.0006140350877192979,0.0006140350877192979,119,,,,,,,,,,,,,,,,,,,,,
0.0006140350877192979,0.0006140350877192979,6.14035087719298e-05,6.14035087719298e-05,0.0006140350877192979,0.0006140350877192979,119,,,,,,,,,,,,,,,,,,,,,
,,,,,,119,0.0595,0.29500612616539,0.2718573808670044,1.9868215517249155e-08,0.350341796875,0.06850902736186981,0.3181073069572449,0,,,,,,,,,,,,,
,,,,,,126,,0.24963371455669403,0.10369323939085007,4.845333378966643e-08,0.3514317572116852,0.0121864452958107,,0,0.25734052062034607,0.42356565594673157,0.18851140141487122,0.4131006598472595,0.3507753014564514,0.25737813115119934,0.18851140141487122,,,,,,
,,,,,,126,,,,,,,,0,,,,,,,,0.3210325837135315,0.1378609538078308,0.3147725462913513,0.28269729018211365,0.34530192613601685,0.1378609538078308
